Brand,Type,Price,Currency,Available,Sold,Last updated date,Last updated time,Item location
Giorgio Armani,Eau de Parfum,119.99,US,10,34,24/05/2024,07:16:53, United States
Montblanc,Eau de Toilette,52.62,US,Limited quantity,5098,24/05/2024,10:18:05, United States
Davidoff,Eau de Toilette,38.24,US,Limited quantity,13549,24/05/2024,10:26:59, United States
Armaf,Eau de Parfum,27.3,US,10,179,24/05/2024,07:13:43, United States
Yves Saint Laurent,Eau de Parfum,92.56,US,Limited quantity,2293,24/05/2024,06:15:40, United States
Versace,Eau de Toilette,35.99,US,5,221,24/05/2024,00:47:14, Canada
Unbranded,Perfume,14.99,US,10,172,24/05/2024,10:16:08, United States
Versace,Eau de Toilette,36.88,US,Limited quantity,19899,24/05/2024,09:36:54, United States
C.K,Eau de Toilette,28.75,US,Limited quantity,12739,24/05/2024,08:44:02, United States
Azzaro,Eau de Toilette,46.33,US,Limited quantity,30655,24/05/2024,07:58:01, United States
Armaf,Eau de Parfum,34.84,US,Limited quantity,4460,24/05/2024,07:32:37, United States
Fragrance World,Fragrances,32.89,US,3,8,24/05/2024,08:56:44, United States
Dolce&Gabbana,Eau de Parfum,18.89,US,10,125,24/05/2024,08:50:11, United States
PRADA,Eau de Toilette,66.55,US,3,7,24/05/2024,08:44:38, United States
AS SHOW,Eau de Parfum,99.49,US,1,3,24/05/2024,00:20:22, United States
Parfums de Marly,Eau de Parfum,34.99,US,8,19,24/05/2024,07:43:15, United States
Cologne,Perfume,68.89,US,4,25,24/05/2024,09:37:13, United States
Kenneth Cole,Body Spray,10.99,US,10,368,24/05/2024,05:30:37, United States
Victor & Rolf,Eau de Parfum,74.59,US,10,1,24/05/2024,10:22:34, United States
Viktor & Rolf,Eau de Toilette,24.98,US,7,8,24/05/2024,08:54:56, United States
Dolce & Gabbana,Eau De Toilette,50.08,US,10,182,24/05/2024,07:58:17, United States
Calvin Klein,Eau de Toilette,25.98,US,10,1536,24/05/2024,10:18:05, United States
Versace,Eau de Toilette,39.77,US,Limited quantity,31718,24/05/2024,10:26:59, United States
Mont Blanc,Eau de Toilette,22.24,US,10,1424,24/05/2024,07:07:02, United States
Carolina Herrera,Gift Sets,22.79,US,8,7,24/05/2024,07:55:54, United States
Creed,Eau De Parfum,212.89,US,10,53,24/05/2024,08:50:32, United States
CHANEL,Eau de Toilette,10.7,US,5,163,24/05/2024,00:31:08, United States
Paco Rabanne,Eau de Toilette,108.98,US,3,33,24/05/2024,07:43:03, United States
PRADA,Eau de Parfum,90.44,US,Limited quantity,587,24/05/2024,08:49:02, United States
Paul Sebastian,Fine Cologne,26.1,US,4,4934,24/05/2024,07:07:02, United States
Afnan,Eau de Parfum,37.89,US,Limited quantity,1242,24/05/2024,06:55:05, United States
Armaf,Eau de Parfum,27.5,US,10,427,24/05/2024,08:44:53, United States
Versace,Eau de Toilette,39.99,US,3,4,24/05/2024,08:24:47, United States
Dolce&Gabbana,Eau de Parfum,114.99,US,7,13,24/05/2024,10:00:08, United States
Bentley,Eau de Parfum,29.12,US,1,5145,24/05/2024,01:45:52, United States
Burberry,Eau de Toilette,28.25,US,10,12583,24/05/2024,07:53:46, United States
Dolce & Gabbana,Eau De Parfum,69.02,US,10,370,24/05/2024,07:14:08, United States
CHANEL,Parfum,13.89,US,3,239,24/05/2024,00:31:06, United States
Unbranded,Perfume,12.98,US,10,103,24/05/2024,10:10:30, United States
Lalique,Eau De Parfum,57.46,US,10,202,24/05/2024,08:50:39, United States
Roja,Gift Sets,202.95,US,2,18,24/05/2024,07:55:27, United States
Creed,Eau De Parfum,259.09,US,10,456,24/05/2024,08:34:05, United States
Dolce&Gabbana,Eau de Toilette,63.69,US,Limited quantity,4733,24/05/2024,10:18:07, United States
ISSEY MIYAKE,Eau de Toilette,54.91,US,10,2206,24/05/2024,08:29:02, United States
HERMÈS,Eau de Parfum,8.49,US,5,131,24/05/2024,00:33:39, United States
PRADA,Eau de Parfum,90.45,US,3,19,24/05/2024,08:32:51, United States
Unbranded,Perfume,13,US,7,11,24/05/2024,07:51:28, United States
Giorgio Armani,Eau de Toilette,28.99,US,10,10,24/05/2024,00:10:31, United States
Giorgio Armani,Eau de Toilette,44.99,US,2,159,24/05/2024,03:30:43, United States
Dior,Eau de Parfum,25.99,US,6,1332,24/05/2024,04:03:31, United States
As Picture Show,Perfume,124.99,US,4,13,24/05/2024,10:01:25, Taiwan
GUESS,Eau de Toilette,20.28,US,45,1613,24/05/2024,08:14:07, United States
Givenchy,Eau de Parfum,80,US,10,197,24/05/2024,03:20:57, United States
Michel Germain,Eau de Toilette,41.19,US,21,258,24/05/2024,09:22:09, United States
Givenchy,Eau de Toilette,50.44,US,13,636,24/05/2024,08:09:07, United States
Unbranded,Perfume,15.99,US,10,81,24/05/2024,08:53:14, United States
John Varvatos,Eau de Toilette,29.2,US,21,121,24/05/2024,07:22:11, United States
Lucianno,Extrait De Parfum,66,C,10,21,24/05/2024,02:33:19, Canada
Gucci,Eau de Toilette,71.98,US,1,100,24/05/2024,06:21:19, United States
Luxury,Eau de Toilette,10.67,US,57,272,24/05/2024,01:20:13, United States
Dolce&Gabbana,Eau de Parfum,74.48,US,10,5,24/05/2024,03:20:58, United States
Cartier,Eau de Toilette,59.63,US,24,48,24/05/2024,08:20:12, United States
Armaf,Eau de Parfum,19.41,US,86,501,24/05/2024,10:13:10, United States
Afnan,Eau de Parfum,34.5,US,2,16,24/05/2024,09:54:04, United States
Salvatore Ferragamo,Eau de Toilette,21,US,4,785,24/05/2024,07:21:08, United States
Bentley,Eau de Parfum,28.99,US,13,65,24/05/2024,06:39:48, United States
Yves Saint Laurent,Eau de Toilette,58.95,US,150,545,24/05/2024,10:27:08, United States
Liz Claiborne,Eau de Cologne,16.71,US,83,7816,24/05/2024,09:42:05, United States
Perry Ellis,Eau de Toilette,21.91,US,96,1831,24/05/2024,09:06:07, United States
Ralph Lauren,Eau de Parfum,52.97,US,Limited quantity,1683,24/05/2024,08:14:55, United States
Jean Paul Gaultier,Eau de Toilette,45.49,US,2,116,24/05/2024,03:20:23, United States
Giorgio Armani,Eau de Parfum,68.99,US,2,99,24/05/2024,02:15:09, United States
Giorgio Armani,Perfume,90.44,US,1,1,24/05/2024,00:10:31, United States
Maison Alhambra,Fragrances,19.73,US,3,18,24/05/2024,05:44:31, United States
fragrance,Eau de Parfum,46.99,US,2,3,24/05/2024,00:24:54, United States
Hermes,Fragrances,19.73,US,3,20,24/05/2024,06:14:31, United States
Boucheron,Eau de Parfum,32.89,US,3,61,24/05/2024,03:08:22, United States
AS PICTURE SHOWN,Eau de Parfum,125.99,US,1,15,24/05/2024,01:04:08, United States
Ard Al Zaafaran,Fragrances,17.85,US,3,29,24/05/2024,08:56:45, United States
MontBlanc,Fragrances,35.71,US,3,30,24/05/2024,06:08:29, United States
Giorgio Armani,Eau de Toilette,28.99,US,9,111,24/05/2024,00:02:00, United States
PRADA,Eau de Parfum,22.99,US,9,1,24/05/2024,03:20:23, United States
HERMÈS,Eau de Toilette,58.99,US,1,3,24/05/2024,00:09:17, United States
Dolce&Gabbana,Eau de Parfum,35.71,US,3,36,24/05/2024,06:58:53, United States
Lattafa,Fragrances,15.03,US,3,44,24/05/2024,05:02:25, United States
Maison Alhambra,Fragrances,19.73,US,Limited quantity,55,24/05/2024,07:02:34, United States
Rasasi,Eau de Parfum,45.11,US,Limited quantity,258,24/05/2024,09:50:28, United States
Unbranded,Eau de Parfum,92.99,US,5,19,24/05/2024,00:01:17, United States
Dumont,Fragrances,49.99,US,3,187,24/05/2024,09:02:39, United States
Unbranded,Eau de Parfum,85,US,1,6,24/05/2024,00:10:39, United States
Lattafa,Fragrances,16.91,US,Limited quantity,156,24/05/2024,07:56:25, United States
Giorgio Armani,Eau de Toilette,45.99,US,1,101,24/05/2024,02:49:19, United States
As picture show,Eau de Parfum,189.99,US,2,32,24/05/2024,04:22:27, United States
Liz Claiborne,Eau de Cologne,17.29,US,226,1370,24/05/2024,07:21:08, United States
Ralph Lauren,Eau de Parfum,53.98,US,Limited quantity,869,24/05/2024,03:56:56, United States
Burberry,Eau de Toilette,7.95,US,5,254,24/05/2024,00:33:04, United States
Bvlgari,Eau de Toilette,49.99,US,2,3,24/05/2024,06:45:32, Hong Kong
Emporio Armani,Eau de Parfum,84.99,US,3,7,24/05/2024,02:24:38, Hong Kong
AS SHOW,Eau de Parfum,49.99,US,8,25,24/05/2024,00:24:35, Hong Kong
As Picture Shown,Eau de Parfum,99.99,US,4,8,24/05/2024,10:01:25, Hong Kong
Paco Rabanne,Eau de Toilette,49.99,US,10,165,24/05/2024,09:52:03, Hong Kong
Davidoff,Eau de Toilette,25.49,US,4,64,24/05/2024,03:48:03, United States
Paco Rabanne,Eau de Toilette,39.99,US,10,5,24/05/2024,07:13:32, United States
Dior,Elixir,88.99,US,5,4,24/05/2024,04:19:41, United States
Giorgio Armani,Eau de Toilette,29.99,US,6,141,24/05/2024,08:25:48, United States
Burberry,Eau de Toilette,32.99,US,6,59,24/05/2024,06:48:06, United States
Abercrombie & Fitch,Eau de Cologne,49.99,US,8,376,24/05/2024,00:02:15, United States
Giorgio Armani,Eau de Toilette,29.99,US,9,6,24/05/2024,05:51:42, United States
Dolce&Gabbana,Eau de Toilette,29.99,US,6,10,24/05/2024,07:13:43, United States
Polo Ralph Lauren,Eau de Toilette,33.99,US,8,89,24/05/2024,05:53:37, United States
Jean Paul Gaultier,Eau de Toilette,48.99,US,10,30,24/05/2024,07:13:17, United States
Ralph Lauren,Eau de Toilette,36.99,US,6,39,24/05/2024,09:46:54, United States
Dolce&Gabbana,Eau de Toilette,33.99,US,10,573,24/05/2024,08:09:37, United States
Giorgio Armani,Eau de Parfum,72.99,US,6,235,24/05/2024,05:51:04, United States
Giorgio Armani,Eau de Parfum,69.99,US,8,35,24/05/2024,05:43:37, United States
Mirage Brands,Eau de Toilette,13.66,US,10,552,24/05/2024,00:14:35, United States
Unbranded,Eau de Toilette,13.86,US,10,1146,24/05/2024,08:52:14, Hong Kong
Grandeur,Eau de Parfum,37.99,US,10,44,24/05/2024,08:14:43, United States
Versace,Gift Sets,29.19,US,10,1787,24/05/2024,06:34:25, United States
Giorgio Armani,Eau de Toilette,41.99,US,9,132,24/05/2024,04:20:12, United States
Abercrombie & Fitch,Eau de Cologne,33.95,US,8,464,24/05/2024,06:26:36, Hong Kong
Ralph Lauren,Eau de Toilette,22.5,US,10,2,24/05/2024,06:26:11, United States
Armaf,Eau de Parfum,39.99,US,8,276,24/05/2024,06:26:11, United States
Elizabeth Taylor,Eau de Cologne,17.17,US,1,4,24/05/2024,07:15:49, United States
Valentino,Eau de Toilette,75.99,US,2,8,24/05/2024,00:48:30, Hong Kong
Coty Inc.,Does not apply,9.21,US,5,72,24/05/2024,07:35:23, United States
Unbranded,Eau de Parfum,54.99,US,2,6,24/05/2024,00:56:01, United States
Armaf,Eau de Parfum,39.99,US,3,76,24/05/2024,00:56:45, United States
Burberry,Eau de Toilette,30.95,US,6,36,24/05/2024,09:46:46, United States
Yves Saint Laurent,LE PARFUM,60.99,US,2,27,24/05/2024,02:57:18, United States
Dossier,Eau de Parfum,20,US,8,23,24/05/2024,01:40:45, Hong Kong
Versace,Eau de Toilette,30,US,2,270,24/05/2024,01:40:45, Hong Kong
Versace,Eau de Toilette,35.99,US,2,43,24/05/2024,00:13:55, United States
Paco Rabanne,PARFUM,68.99,US,2,20,24/05/2024,02:41:49, United States
Unbranded,Perfume,16.99,US,10,84,24/05/2024,00:13:42, United States
MAISON ALHAMBRA,Perfume,29.99,US,3,42,24/05/2024,07:55:47, United States
Sean John,Eau de Toilette,24.99,US,10,116,24/05/2024,04:29:16, United States
Jean Paul Gaultier,Eau de Parfum,169,US,1,0,24/05/2024,03:25:20, United States
Abercrombie & Fitch,Eau de Cologne,43.49,US,2,3,24/05/2024,03:25:20, United States
Abercrombie & Fitch,Eau de Cologne,39.99,US,3,275,24/05/2024,01:40:01, Hong Kong
Gucci,Eau de Parfum,49.99,US,10,78,24/05/2024,07:13:24, United States
Abercrombie & Fitch,Eau de Cologne,38.99,US,10,919,24/05/2024,08:09:49, United States
Paco Rabanne,PARFUM,69.99,US,9,2,24/05/2024,05:54:34, United States
Perry Ellis,Eau de Toilette,23.01,US,5,2611,24/05/2024,09:56:02, United States
Paco Rabanne,Eau de Toilette,45.99,US,10,2452,24/05/2024,09:17:35, United States
Versace,Eau de Toilette,20.37,US,10,4569,24/05/2024,10:26:59, United States
Calvin Klein,Eau de Toilette,31.57,US,10,287,24/05/2024,07:35:03, United States
English Laundry,Eau De Parfum,36.67,US,10,169,24/05/2024,07:58:46, United States
Tom Ford,Eau de Parfum,135.49,US,10,64,24/05/2024,09:20:14, United States
Michael Jordan,Eau de Cologne,21.79,US,10,488,24/05/2024,10:03:02, United States
Dolce&Gabbana,Eau de Parfum,55.15,US,5,64,24/05/2024,08:47:04, United States
Carolina Herrera,Eau de Toilette,59.43,US,7,3691,24/05/2024,09:27:04, United States
HUGO BOSS,Eau de Toilette,50.79,US,Limited quantity,7506,24/05/2024,10:26:59, United States
Hermes,Eau de Toilette,14.98,US,10,418,24/05/2024,09:36:53, United States
Liz Claiborne,Eau de Cologne,17.98,US,1,150,24/05/2024,07:15:03, United States
Afnan,Eau De Parfum,38.41,US,10,147,24/05/2024,10:21:08, United States
Sterling,Eau De Parfum,38.98,US,10,129,24/05/2024,10:21:12, United States
Burberry,Eau de Parfum,75.65,US,10,16,24/05/2024,09:20:14, United States
Davidoff,Eau de Toilette,25.23,US,Limited quantity,40130,24/05/2024,05:18:15, United States
Viktor & Rolf,Eau De Parfum,74.92,US,6,116,24/05/2024,08:50:35, United States
Kenneth Cole,Eau de Toilette,24.14,US,10,9265,24/05/2024,08:16:12, United States
Ralph Lauren,Eau de Toilette,31.99,US,9,35,24/05/2024,02:00:07, United States
Yves Saint Laurent,Eau de Toilette,70.65,US,Limited quantity,4802,24/05/2024,07:41:02, United States
Dolce & Gabbana,Eau De Parfum,75.95,US,10,3,24/05/2024,09:26:23, United States
Parfums de Marly,Eau De Parfum,155.65,US,10,593,24/05/2024,07:56:19, United States
Issey Miyake,Eau De Toilette,24.35,US,10,88,24/05/2024,10:21:23, United States
Gucci,Eau de Toilette,68.3,US,Limited quantity,137,24/05/2024,07:59:03, United States
Giorgio Armani,Eau de Toilette,29.99,US,10,179,24/05/2024,07:53:38, United States
Ralph Lauren,Eau de Toilette,31.99,US,6,44,24/05/2024,08:35:47, United States
Dior,Eau de Toilette,84.99,US,9,16,24/05/2024,05:54:57, United States
Jean Paul Gaultier,Eau de Toilette,51.99,US,10,248,24/05/2024,10:17:45, United States
Giorgio Armani,Eau de Toilette,29.99,US,10,588,24/05/2024,08:09:29, United States
Giorgio Armani,Eau de Toilette,29.99,US,10,410,24/05/2024,08:45:15, United States
Dolce&Gabbana,Eau de Parfum,40.99,US,10,16,24/05/2024,10:25:34, Poland
Ralph Lauren,Eau de Toilette,34.99,US,7,225,24/05/2024,05:43:51, Hong Kong
Moschino,Eau de Parfum,29.99,US,5,17,24/05/2024,00:58:38, Hong Kong
Creed,Eau de Parfum,180.17,US,Limited quantity,327,24/05/2024,08:16:13, United States
Armaf,Eau de Toilette,29.99,US,5,384,24/05/2024,05:13:20, United States
Ralph Lauren,Eau de Toilette,34.99,US,10,615,24/05/2024,07:53:23, United States
Dior,Eau de Parfum,84.99,US,10,116,24/05/2024,10:03:04, United States
Davidoff,Eau de Toilette,24.49,US,4,71,24/05/2024,03:36:50, United States
Polo Ralph Lauren,Eau de Toilette,36.99,US,9,257,24/05/2024,06:07:15, United States
Ralph Lauren,Eau de Toilette,29.99,US,8,169,24/05/2024,06:07:43,
Yves Saint Laurent,LE PARFUM,60.99,US,2,35,24/05/2024,07:11:06, United States
Perry Ellis,Eau De Toilette,40.72,US,10,232,24/05/2024,07:58:54, United States
Juicy Couture,Eau de Toilette,22.6,US,9,541,24/05/2024,07:10:03, United States
Sterling,Eau De Parfum,53.42,US,10,4,24/05/2024,08:49:52, United States
Versace,Eau de Toilette,34.99,US,7,136,24/05/2024,00:02:27, United States
Cologne,Eau de Toilette,38.94,US,66,2247,24/05/2024,10:18:06, United States
Ralph Lauren,Eau de Toilette,35.99,US,10,4520,24/05/2024,08:57:22, United States
Yves Saint Laurent,le parfum,60.99,US,2,16,24/05/2024,02:09:23, United States
Armaf,Extrait de Parfum,125,US,10,2,24/05/2024,01:43:20, United States
Calvin Klein,Eau de Toilette,19.16,US,72,348,24/05/2024,01:43:20, United States
Dolce&Gabbana,Eau de Parfum,65.97,US,10,37,24/05/2024,08:08:36,
Coach,Eau de Toilette,39.99,US,13,35,24/05/2024,06:43:00, United States
Cologne,Eau de Toilette,35,US,3,214,24/05/2024,01:25:38, United States
Issey Miyake,Eau de Toilette,54.92,US,124,2465,24/05/2024,08:21:08, United States
Armaf,Eau de Parfum,22.61,US,52,619,24/05/2024,06:34:10, United States
King,Fragrance & Perfume,74.8,US,1,430,24/05/2024,09:36:50, United States
Paco Rabanne,Eau de Toilette,64.99,US,10,313,24/05/2024,01:41:58, United States
BHARARA,Eau de Parfum,53.99,US,9,512,24/05/2024,05:27:02, United States
Paul Sebastian,Eau de Cologne,17.12,US,310,597,24/05/2024,09:32:11, United States
Ralph Lauren,Eau de Cologne,53.99,US,129,229,24/05/2024,06:09:16, United States
Lalique,Eau de Toilette,26.52,US,Limited quantity,1866,24/05/2024,07:55:09, United States
As Shown,Eau de Parfum,49.99,US,5,45,24/05/2024,00:15:22, United States
Mont Blanc,Eau de Perfume,36.81,US,207,1234,24/05/2024,09:22:44, United States
As Show,Eau de Toilette,49.99,US,20,15,24/05/2024,02:29:59, Hong Kong
J. Del Pozo,Eau de Toilette,28.11,US,7,542,24/05/2024,08:33:10, United States
Unbranded,Perfume,15.99,US,10,14,24/05/2024,01:46:35, Hong Kong
Calvin Klein,Eau de Toilette,40.6,US,Limited quantity,5582,24/05/2024,09:35:06, United States
Azzaro,Parfum,89.97,US,10,920,24/05/2024,08:32:16, United States
Givenchy,Eau de Toilette,34.72,US,71,627,24/05/2024,10:20:09, United States
Lattafa,Eau de Parfum,21.54,US,96,989,24/05/2024,06:21:20, United States
Polo Ralph Lauren,Eau de Toilette,32.97,US,756,5023,24/05/2024,07:57:49, United States
Ralph Lauren,Eau de Toilette,23.34,US,452,972,24/05/2024,08:09:10, United States
Gianni Versace,Eau de Toilette,25.43,US,116,1925,24/05/2024,08:02:07, Hong Kong
Versace,Eau de Toilette,66.39,US,62,1819,24/05/2024,10:12:08, United States
Unbranded,Perfume,15.99,US,10,594,24/05/2024,09:12:14, United States
Rasasi,Eau de Parfum,53.99,US,12,140,24/05/2024,09:23:11, United States
Unbranded,Perfume,14.99,US,10,358,24/05/2024,09:56:14, Hong Kong
Paco Rabanne,Eau de Toilette,28.91,US,48,849,24/05/2024,07:33:32, Canada
rue21,Cologne,25,US,4,22,24/05/2024,02:35:10, United States
Azzaro,Eau de Toilette,26,US,92,1337,24/05/2024,07:41:09, United States
Avon,Perfume,13.94,US,10,66,24/05/2024,08:30:22, United States
Montblanc,Eau de Parfum,31.29,US,40,349,24/05/2024,07:16:10, United States
Valentino,Eau de Toilette,89.97,US,10,295,24/05/2024,08:44:55, United States
Lanvin,Eau de Toilette,17.99,US,138,1955,24/05/2024,09:10:18, United States
Coach,Eau de Toilette,36.15,US,487,7592,24/05/2024,01:43:19, United States
Jean Paul Gaultier,Eau de Parfum,94.99,US,10,1024,24/05/2024,08:44:57, United States
Lomani,Eau de Toilette,16.39,US,31,1630,24/05/2024,10:18:08, United States
Yves Saint Laurent,Eau de Toilette,144.99,US,10,145,24/05/2024,10:07:16, United States
Coach,Eau de Toilette,41.99,US,15,248,24/05/2024,07:21:29, United States
Yves Saint Laurent,Eau de Toilette,70.66,US,199,720,24/05/2024,07:28:09, United States
Versace,Eau de Parfum,36.99,US,9,37,24/05/2024,00:16:00, Canada
Yves Saint Laurent,Eau de Toilette,57.17,US,7,210,24/05/2024,01:43:21, United States
Yves Saint Laurent,Eau de Parfum,46.48,US,8,7,24/05/2024,01:20:40,HongKong
Montblanc,Eau de Toilette,25.81,US,95,1424,24/05/2024,09:58:09, United States
Givenchy,Eau de Toilette Intense,59,US,10,601,24/05/2024,09:57:09, United States
KENZO,Eau de Toilette,47.99,US,10,165,24/05/2024,08:20:39, United States
Dolce&Gabbana,Eau de Toilette,27.99,US,10,9,23/05/2024,15:19:07, United States
Giorgio Armani,Gift Sets,94.43,US,10,98,23/05/2024,15:19:07, United States
Tommy Hilfiger,Eau de Toilette,26.11,US,4,12184,23/05/2024,13:00:07, United States
Zara,Eau de Parfum,58.95,US,5,12,23/05/2024,21:06:08, United States
Calvin Klein,Aftershave,23.79,US,5,83,23/05/2024,15:45:55, United States
Tommy Bahama,Eau de Cologne,32.62,US,10,242,23/05/2024,09:27:28, United States
Dolce&Gabbana,Eau de Toilette,33.37,US,5,400,23/05/2024,11:42:30, United States
Carolina Herrera,Gift Sets,88.65,US,10,40,23/05/2024,11:43:18, United States
Versace,Eau de Toilette,8.32,US,322,417,23/05/2024,08:22:19, United States
Ralph Lauren,Eau de Toilette,72.56,US,10,3171,23/05/2024,04:38:13, United States
Louis Vuitton,Eau de Parfum,21.95,US,10,448,23/05/2024,22:35:31, United States
Kenneth Cole,Eau de Toilette,24.7,US,Limited quantity,12865,23/05/2024,00:24:59, United States
Creed,Eau de Parfum,9.99,US,10,141,23/05/2024,14:11:08, United States
Calvin Klein,Eau de Toilette,28.02,US,Limited quantity,5377,23/05/2024,00:47:54, United States
Giorgio Armani,Eau de Parfum,110.08,US,Limited quantity,684,23/05/2024,04:38:15, United States
Gucci,Eau de Parfum,74.25,US,3,16,23/05/2024,10:32:44, United States
Unbranded,Perfume,15.99,US,10,136,23/05/2024,14:39:34, United States
Paco Rabanne,Eau de Toilette,70.08,US,Limited quantity,1165,23/05/2024,16:28:06, United States
Missoni,Fragrances,30.07,US,3,12,23/05/2024,20:20:19, United States
Cologne,Eau de Parfum,67.5,US,4,3,23/05/2024,09:09:05, United States
Franck Olivier,Fragrances,17.85,US,3,6,23/05/2024,20:14:23, United States
Paco Rabanne,Eau de Toilette,36.65,US,3,11,23/05/2024,10:20:53, United States
Afnan,Eau de Parfum,24.43,US,3,16,23/05/2024,09:08:51, United States
Guy Laroche,Eau de Toilette,18.91,US,10,5500,23/05/2024,21:35:04, United States
Yves Saint Laurent,Eau de Parfum,84.59,US,3,19,23/05/2024,22:26:34, United States
Paco Rabanne,Fragrances,68.61,US,3,10,23/05/2024,13:26:47, United States
Burberry,Eau de Toilette,32.98,US,10,6188,23/05/2024,21:24:43, United States
Coach,Gift Sets,34.99,US,10,9,23/05/2024,21:45:55, United States
Calvin Klein,Eau de Toilette,32.98,US,10,4427,23/05/2024,23:46:32, United States
Giorgio Armani,Eau de Parfum,79.89,US,3,15,23/05/2024,09:26:46, United States
Davidoff,Eau de Toilette,34.98,US,Limited quantity,849,23/05/2024,18:21:52, United States
AS SHOW,Eau de Parfum,69.99,US,10,157,23/05/2024,22:52:49, Hong Kong
Salvatore Ferragamo,Eau de Toilette,32.99,US,1,10,23/05/2024,11:29:21, United States
Thierry Mugler,Eau de Toilette,59.99,US,10,221,23/05/2024,21:56:49, United States
Giorgio Armani,Eau de Toilette,37.8,US,8,300,23/05/2024,09:23:09, United States
Prada,Eau de Toilette,86.87,US,Limited quantity,322,23/05/2024,20:20:11, United States
Versace,Eau de Toilette,44.94,US,10,21310,23/05/2024,19:44:36, United States
Afnan,Eau de Parfum,32.5,US,5,372,23/05/2024,17:14:52, United States
Versace,Eau de Toilette,8.84,US,10,9410,23/05/2024,09:06:49, United States
Guy Laroche,Eau de Toilette,16.98,US,620,2345,23/05/2024,18:45:23, United States
Dolce & Gabbana,Eau de Toilette,36.36,US,226,771,23/05/2024,13:02:17, United States
Dolce & Gabbana,Eau de Toilette,29.94,US,Limited quantity,9208,23/05/2024,20:04:11, United States
Calvin Klein,Eau de Toilette,23.56,US,Limited quantity,24048,23/05/2024,08:46:31, United States
Paco Rabanne,Eau de Toilette,47.99,US,Limited quantity,8877,23/05/2024,20:23:14, United States
Paco Rabanne,Eau de Toilette,39.99,US,2,305,23/05/2024,15:27:18, United States
BRUT,Eau de Cologne,9.78,US,50,8,23/05/2024,13:21:23, United States
Tommy Hilfiger,Eau de Toilette,31.99,US,1,40,23/05/2024,17:25:38, United States
Tom Ford,Eau de Parfum,116.54,US,Limited quantity,262,23/05/2024,21:59:23, United States
Afnan,Fragrances,31.95,US,3,5,23/05/2024,11:50:59, United States
Versace,Eau de Toilette,19.73,US,3,7,23/05/2024,20:44:22, United States
Yves Saint Laurent,Eau de Parfum,94.93,US,3,15,23/05/2024,09:20:53, United States
Salvatore Ferragamo,Eau de Toilette,28.19,US,3,23,23/05/2024,21:08:23, United States
~ DOLCE & GABBANA ~,~ THE ONE EAU DE PARFUM SPRAY ~,54.99,US,2,22,23/05/2024,21:13:14, China
Polo Ralph Lauren,Eau de Toilette,38.99,US,2,41,23/05/2024,04:45:58, United States
Viktor & Rolf,Eau de Parfum,86.72,US,10,1296,23/05/2024,19:12:32, United States
Franck Olivier,Fragrances,18.79,US,2,9,23/05/2024,21:56:59, United States
Yves Saint Laurent,PARFUM,59.99,US,3,20,23/05/2024,05:48:20, United States
Nautica,Eau de Toilette,33.45,US,127,1391,23/05/2024,03:25:35, United States
Creed,Eau de Parfum,188.3,US,Limited quantity,266,23/05/2024,23:46:32, United States
Dolce&Gabbana,Eau de Toilette,53.45,US,Limited quantity,3787,23/05/2024,20:23:26, United States
Armaf,Eau de Toilette,30.58,US,10,31,23/05/2024,08:39:30,United States
As Show,Eau de Parfum,59.99,US,9,63,23/05/2024,03:08:18, Hong Kong
AS SHOWN,Eau de Parfum,36.99,US,10,12,23/05/2024,19:46:45, China
Unbranded,Perfume,21.99,US,10,2,23/05/2024,20:05:17, China
Unbranded,Perfume,17.99,US,10,3,23/05/2024,17:06:03, China
Armaf,Eau de Parfum,45.35,US,2,1,23/05/2024,01:40:32, India
aladdin,Eau de Cologne,28.99,US,8,3,23/05/2024,16:11:19, United States
Pierre Cardin,Eau De Cologne,9.45,US,10,56,23/05/2024,16:11:19, United States
Jean Paul Gaultier,Eau de Toilette,136,US,5,51,23/05/2024,16:34:42, United States
Territoire,Eau de Parfum,16.49,US,10,77,23/05/2024,11:24:47, United States
Sean John,Eau de Toilette,29.99,US,10,471,23/05/2024,16:29:12, United States
Superz Budapest,EXTRAIT DE PARFUM,125,US,10,28,23/05/2024,19:49:00, Hong Kong
Designer Series,Eau de Toilette,12.6,US,10,229,23/05/2024,19:13:34, United States
AS SHOW,Eau de Parfum,109.99,US,8,48,23/05/2024,23:07:49, Canada
YSL,Eau de Toilette,52.99,US,8,60,23/05/2024,02:38:43, Hong Kong
Valentino,Eau de Toilette,79.99,US,2,11,23/05/2024,23:59:20, Hong Kong
Yves Saint Laurent,Eau de Parfum,83.99,US,5,5,23/05/2024,23:59:45, Hong Kong
Giorgio Armani,Eau de Cologne,129.99,US,1,14,23/05/2024,02:25:32, Hong Kong
Paco Rabanne,Eau de Parfum,74.99,US,2,60,23/05/2024,02:25:57, Hong Kong
Yves Saint Laurent,Eau De Parfum,47.88,US,10,25,23/05/2024,20:46:56, United States
Paco Rabanne,Eau de Parfum,108,US,1,10,23/05/2024,10:26:22, United States
Armaf,Eau de Toilette,30.31,US,10,17,23/05/2024,08:39:31,United States
As Show,Eau de Toilette,38.99,US,9,37,23/05/2024,17:35:18, Hong Kong
AS SHOW,Eau de Toilette,35.99,US,10,51,23/05/2024,19:47:23, Hong Kong
Unbranded,Eau de Cologne,18,US,5,3,23/05/2024,10:39:37, United States
Giorgio Armani,Eau de Toilette,39.99,US,8,26,23/05/2024,10:39:37, United States
Givenchy,Eau de Toilette,39.99,US,3,45,23/05/2024,18:59:51, Hong Kong
Abercrombie & Fitch,Eau de Cologne,29.99,US,9,87,23/05/2024,09:26:33, Hong Kong
As Show,Eau de Parfum,109.99,US,3,24,23/05/2024,18:03:02, United States
Polo Ralph Lauren,Eau de Toilette,33,US,4,401,23/05/2024,05:29:20, United States
As Show,Eau de Toilette,29.99,US,10,92,23/05/2024,17:35:18, Hong Kong
Jimmy Choo,Eau de Toilette,16.5,US,5,67,23/05/2024,12:09:40, United States
Elixir,EDC,110.19,US,10,11,23/05/2024,21:56:47, United States
Yves Saint Laurent,Eau de Toilette,92,US,1,9,23/05/2024,13:17:51, United States
CHANEL,Eau de Toilette,12,US,2,11,23/05/2024,10:37:59, United States
Parfums de Marly,Eau de Parfum,91.98,US,1,7,23/05/2024,14:18:39, United States
CHANEL,Parfum,11.5,US,2,12,23/05/2024,18:36:28, United States
As Show,Eau de Toilette,35.99,US,10,46,23/05/2024,17:33:21, Taiwan
Cologne,Perfume,88,US,5,5,23/05/2024,22:52:22, United States
Bath & Body Works,Eau de Cologne,27.94,US,1,717,23/05/2024,22:18:49, United States
Acqua Di Gio,Eau de Toilette,15.99,US,9,78,23/05/2024,17:35:17, Hong Kong
Paco Rabanne,Eau de Parfum,74.99,US,10,23,23/05/2024,17:37:22, Hong Kong
Calvin Klein,Eau de Parfum,21.27,US,10,112,23/05/2024,08:39:28,United States
CHANEL,Eau de Parfum,112.49,US,5,15,23/05/2024,09:40:55, United States
Calvin Klein,Aftershave,17.99,US,3,3,23/05/2024,18:43:56, United States
Giorgio Armani,Eau de Parfum,192,US,7,37,23/05/2024,08:07:43, Israel
Paco Rabanne,Eau de Toilette,49.96,US,6,19,23/05/2024,05:43:30, Hong Kong
Giorgio Armani,Eau de Toilette,45.95,US,5,578,23/05/2024,19:16:37, United States
Nautica,Eau de Toilette,14.99,US,3,291,23/05/2024,10:21:16, United States
Paco Rabanne,Eau de Toilette,49.99,US,8,170,23/05/2024,07:03:35, United States
Dolce&Gabbana,Eau de Toilette,29.95,US,7,458,23/05/2024,08:37:49, United States
Gucci,Eau de Parfum,49.99,US,8,68,23/05/2024,07:21:23, United States
Calvin Klein,Eau de Toilette,19.99,US,3,4,23/05/2024,03:58:47, United States
Coty,Eau de Toilette,9.99,US,7,103,23/05/2024,12:45:56, United States
Mercedes Benz,Eau De Toilette,41.87,US,8,21,23/05/2024,08:57:02, United States
Prada,Eau De Toilette,76.65,US,10,30,23/05/2024,08:58:49, United States
Al Haramain,Eau de Parfum,31.98,US,10,12,23/05/2024,11:09:04, United States
Tommy Hilfiger,Eau de Parfum,44.95,US,6,75,23/05/2024,15:48:20, United States
Cologne,Eau de Toilette,25.46,US,10,410,23/05/2024,18:50:00, United States
Bond No. 9,Eau De Parfum,160.27,US,3,47,23/05/2024,08:01:21, United States
HERMÈS,Eau de Cologne,62.62,US,3,335,23/05/2024,07:17:14, United States
Afnan,Fragrances,19.73,US,3,5,23/05/2024,05:27:01, United States
AS SHOW,Eau de Parfum,74.99,US,2,4,23/05/2024,16:32:28, Hong Kong
Multiple Brands,Perfume,14.99,US,10,79,23/05/2024,06:57:41, United States
Armaf,Eau de Parfum,29.03,US,2,11,23/05/2024,01:07:01, United States
Polo Ralph Lauren,Eau de Toilette,34.99,US,7,17,23/05/2024,10:28:54, United States
Giorgio Armani,Eau de Toilette,29.99,US,9,204,23/05/2024,10:46:14, United States
Giorgio Armani,Eau de Toilette,29.95,US,6,1484,23/05/2024,21:10:46, United States
Dolce&Gabbana,Eau de Toilette,28.5,US,6,566,23/05/2024,22:20:26, United States
CHRISTIAN DIOR,Eau de Parfum,27.5,US,10,29,23/05/2024,14:34:55, United States
Carolina Herrera,Eau de Toilette,39.99,US,10,236,23/05/2024,08:48:22, United States
Yves Saint Laurent,Eau de Parfum,24.99,US,12,6,23/05/2024,15:09:18, United States
Giorgio Armani,Eau de Parfum,84.99,US,10,8,23/05/2024,08:08:50, United States
Giorgio Armani,Eau de Toilette,36.5,US,3,185,23/05/2024,23:20:00, United States
Jimmy Choo,Eau de Toilette,68.72,US,10,55,23/05/2024,02:11:39, United States
Paco Rabanne,Eau de Toilette,50.99,US,6,15,23/05/2024,11:00:52, United States
Carolina Herrera,Eau de Toilette,39.99,US,10,207,23/05/2024,08:07:32, United States
Abercrombie & Fitch,Eau de Cologne,49.49,US,10,463,23/05/2024,08:07:45, United States
Gucci,Eau de Toilette,58.46,US,1,5227,23/05/2024,07:51:26, United States
Giorgio Armani,Eau de Toilette,38.25,US,5,8,23/05/2024,07:48:48, United States
Giorgio Armani,Eau de Toilette,48.95,US,10,121,23/05/2024,08:44:06, United States
Ralph Lauren,Eau de Toilette,36.99,US,5,7,23/05/2024,09:45:25, United States
Giorgio Armani,Eau de Toilette,48.95,US,10,969,23/05/2024,08:07:24, United States
Giorgio Armani,Eau de Toilette,38.25,US,10,363,23/05/2024,07:39:28, United States
Carolina Herrera,Eau de Toilette,39.99,US,6,25,23/05/2024,09:08:21, United States
Paco Rabanne,Eau de Toilette,39.99,US,10,16,23/05/2024,08:37:31, United States
Dolce&Gabbana,Eau de Toilette,28.79,US,9,45,23/05/2024,21:29:48, United States
Ralph Lauren,Eau de Toilette,31.99,US,5,56,23/05/2024,07:16:20, United States
Giorgio Armani,Eau de Toilette,29.99,US,6,233,23/05/2024,09:40:17, United States
Cologne,Eau de Toilette,28.99,US,5,111,23/05/2024,00:41:58, United States
John Varvatos,Eau de Toilette,27.94,US,161,485,23/05/2024,12:42:34, United States
Unbranded,Perfume,35.99,US,5,27,23/05/2024,20:05:31, China
Versace,Eau de Toilette,41.98,US,66,4234,23/05/2024,15:18:17, United States
Afnan,Eau de Perfume,22.15,US,28,196,23/05/2024,06:45:23, United States
Unbranded,Perfume,15.99,US,10,45,23/05/2024,19:54:34, United States
Assorted,Eau de Parfum/ Eau de Toilette,3.5,US,4,3009,23/05/2024,09:24:03, United States
Emporio Armani,Eau de Toilette,71.9,US,10,244,23/05/2024,16:30:10, United States
Does not apply,Does not apply,16.34,US,5,103,23/05/2024,13:46:24, United States
MONTALE,Eau de Parfum,59,US,6,4,23/05/2024,17:42:12, United States
Ed Hardy,Eau de Toilette,20.25,US,311,6633,23/05/2024,14:38:05, United States
Hugo Boss,Eau de Toilette,29.78,US,Limited quantity,604,23/05/2024,03:00:09, United States
Emporio Armani,Perfume,74.99,US,10,82,23/05/2024,05:39:50, United States
Giorgio Armani,Eau de Parfum,94.99,US,10,420,23/05/2024,23:31:35, United States
Afnan,Fragrances,23.49,US,3,14,23/05/2024,21:50:21, United States
Jimmy Choo,Eau de Toilette,36.99,US,4,16,23/05/2024,20:57:06, United States
Joop,Fragrances,38.53,US,3,33,23/05/2024,09:32:48, United States
Azzaro,Eau de Parfum,93.05,US,3,21,23/05/2024,04:02:53, United States
Polo Ralph Lauren,Eau de Toilette,32,US,4,445,23/05/2024,23:12:15, United States
Khadlaj,Eau de Parfum,54.86,US,3,4,23/05/2024,22:14:29, United States
Halloween,Fragrances,30.07,US,3,25,23/05/2024,19:44:52, United States
Avon,Eau de Toilette,45.9,US,10,74,23/05/2024,03:08:19, Poland
Jean Paul Gaultier,Eau de Toilette,114.99,US,10,539,23/05/2024,22:43:23, United States
Tommy Bahama,Eau de Cologne,22.98,US,3,18,23/05/2024,22:10:24, United States
Alexandria Fragrances,Eau de Parfum,3,US,39,4,23/05/2024,18:11:56, United States
Dolce&Gabbana,Eau de Toilette,36.99,US,2,98,23/05/2024,00:18:08, United States
Burberry,Fragrances,77.07,US,3,55,23/05/2024,22:10:28, Poland
Cologne,Perfume,85,US,4,42,23/05/2024,22:52:13, Taiwan
Al Wataniah,Eau De Parfum,50,C,10,19,23/05/2024,16:03:42, Canada
As Show,Eau de Parfum,109.99,US,10,5,23/05/2024,19:11:36, Canada
Armaf,Fragrances,24.43,US,Limited quantity,110,23/05/2024,16:44:49, United States
Giorgio Armani,Eau de Parfum,70.99,US,2,52,23/05/2024,16:50:30, United States
Cuba,Eau de Toilette,10.58,US,31,391,23/05/2024,18:45:09, United States
Lattafa,Eau de Parfum,25.79,US,3,11,23/05/2024,23:20:23, United States
Burberry,Eau de Toilette,39.25,US,10,30,23/05/2024,05:20:25, United States
Azzaro,Parfum,44,US,10,83,23/05/2024,05:27:24, United States
Yves Saint Laurent,Eau de Toilette,69.55,US,3,16,23/05/2024,17:44:35, United States
Old Spice,Eau de Cologne,19.99,US,2,132,23/05/2024,17:38:31, United States
Lattafa,Eau de Parfum,23.99,US,10,10,23/05/2024,18:07:56, United States
Lauren Ralph Lauren,Eau de Parfum,45.7,US,102,420,23/05/2024,04:20:02, United States
Armaf,De Nuit,62.99,US,3,61,23/05/2024,00:04:13, United States
Paco Rabanne,Eau de Parfum,68.99,US,6,59,23/05/2024,23:00:53, United States
Versace,Eau de Toilette,23.49,US,3,25,23/05/2024,12:08:57, United States
Fragrance World,Fragrances,27.99,US,3,1,23/05/2024,19:57:55, United States
Lattafa,Eau de Parfum,24.4,US,50,14,23/05/2024,17:21:52, United States
Dolce & Gabbana,Eau de Perfume,46.15,US,36,494,23/05/2024,08:46:32, United States
Ralph Lauren,Eau de Toilette,54.52,US,51,143,23/05/2024,08:22:12, United States
BOD man,Fragrance Body Spray,9.99,US,3,32,22/05/2024,17:01:35, United States
Viktor & Rolf,Eau de Toilette,68.99,US,7,27,22/05/2024,10:04:40, United States
Valentino,Eau de Toilette,36.99,US,1,32,22/05/2024,20:37:35, United States
Ralph Lauren,Eau de Toilette,32.98,US,10,507,22/05/2024,19:48:31, United States
Dossier,Eau de Parfum,20,US,10,0,22/05/2024,19:40:47, United States
Bvlgari,Eau De Toilette,45.68,US,10,5,22/05/2024,19:40:47, United States
Azzaro,Eau de Parfum,93.91,US,Limited quantity,111,22/05/2024,23:00:15, United States
Yves Saint Laurent,Eau De Parfum Intense,65.68,US,10,11,22/05/2024,18:49:43, United States
Mercedes-Benz,Eau de Toilette,37.99,US,4,2,22/05/2024,22:37:03, United States
MFK,Eau de Parfum,119.99,US,6,13,22/05/2024,17:57:01, Taiwan
Paco Rabanne,Various,20,US,7,2,22/05/2024,10:00:19, United States
Montblanc,Eau de Parfum,52.94,US,Limited quantity,100,22/05/2024,08:40:06, United States
Roja,Eau de Cologne,17.89,US,5,68,22/05/2024,02:15:28, United States
Mont Blanc,Eau de Perfume,35.62,US,47,454,22/05/2024,13:15:02, United States
Armaf,Eau de Parfum,54.26,US,Limited quantity,2550,22/05/2024,06:00:09, United States
Lattafa,Eau de Parfum,25.99,US,8,71,22/05/2024,11:25:01, United States
Ralph Lauren,Eau de Toilette,29.46,US,10,43,22/05/2024,10:10:03, United States
Karl Lagerfeld,Eau de Toilette,25.1,US,Limited quantity,5076,22/05/2024,18:19:59, United States
Mont Blanc,Eau De Parfum,62.09,US,10,125,22/05/2024,12:02:22, United States
NIKOS,Eau de Toilette,12.23,US,10,1128,22/05/2024,09:28:38, United States
Carolina Herrera,Eau de Toilette,54.99,US,10,780,22/05/2024,18:50:59, Taiwan
Yves Saint Laurent,Eau de Toilette,71.98,US,Limited quantity,2153,22/05/2024,08:31:19, United States
Dior,Eau de Toilette,89.98,US,8,1243,22/05/2024,01:59:02, United States
Giorgio Armani,Eau de Parfum,78.99,US,10,743,22/05/2024,11:57:53, United States
Moschino,Eau de Toilette,22.87,US,74,440,22/05/2024,09:09:10, United States
Acqua di Parma,Eau de Cologne,69.97,US,5,244,22/05/2024,23:22:50, United States
Montblanc,Eau de Parfum,62.08,US,Limited quantity,950,22/05/2024,06:00:02, United States
HERMÈS,Eau de Toilette,99.98,US,10,740,22/05/2024,11:52:44, United States
Azzaro,Eau de Toilette,24.45,US,Limited quantity,1691,22/05/2024,22:47:05, United States
Dolce&Gabbana,Eau de Parfum,28.95,US,1,81,22/05/2024,03:59:00, United States
Ralph Lauren,Eau de Toilette,38.57,US,484,1503,22/05/2024,17:31:34, United States
Brut,Eau de Toilette,13.89,US,9,48,22/05/2024,11:57:53, United States
Valentino,Eau de Toilette,103.98,US,Limited quantity,350,22/05/2024,16:56:40, United States
Dior,DIOR HOMME COLOGNE,89.99,US,7,129,22/05/2024,09:17:01, United States
Unbranded,Perfume,14.6,US,5,94,22/05/2024,23:30:09, Canada
Gianni Versace,Eau de Toilette,69.25,US,3,19,22/05/2024,04:50:01, United States
Lattafa,Eau de Parfum,17.18,US,10,65,22/05/2024,11:57:54, United States
Paco Rabanne,Eau de Toilette,84.6,US,Limited quantity,111,22/05/2024,11:53:06, United States
Mancera,Eau de Parfum,69.97,US,8,30,22/05/2024,09:17:29, United States
Jean Paul Gaultier,Eau de Toilette,55.99,US,10,368,22/05/2024,14:25:46, United States
REYANE TRADITION,Perfume,85.2,US,4,73,22/05/2024,16:53:06, United States
emper,Eau de Parfum,29.95,US,4,2,22/05/2024,16:37:14, United States
Giorgio Armani,Eau de Toilette,27.5,US,3,18,22/05/2024,12:46:11, United States
Yves Saint Laurent,Eau de Toilette,178.99,US,1,77,22/05/2024,16:37:14, United States
Giorgio Armani,Eau de Toilette,44.99,US,9,19,22/05/2024,05:40:17, United States
Yves Saint Laurent,Perfume,25.95,US,10,2,22/05/2024,18:23:16, United States
Giorgio Armani,Eau de Toilette,29.99,US,6,9,22/05/2024,08:47:26, United States
Houbigant,Eau de Toilette,68,US,6,33,22/05/2024,14:53:19, United States
Paco Rabanne,Parfum Intense,86.99,US,12,28,22/05/2024,20:18:57, United States
Pheromones,Eau de Toilette,32.95,US,10,217,22/05/2024,09:46:38, United States
Giorgio Armani,Eau de Toilette,48.95,US,6,40,22/05/2024,10:16:51, United States
Acqua di Parma,Eau de Cologne,23.95,US,1,78,22/05/2024,03:57:35, United States
As shown,Eau de Toilette,49.99,US,5,24,22/05/2024,17:27:49, Hong Kong
KENZO,Eau de Toilette,76.99,US,10,33,22/05/2024,07:49:14, United States
Emporio Armani,Eau de Parfum,69.99,US,2,6,22/05/2024,19:01:20, Hong Kong
Gucci,Eau de Toilette,53.99,US,3,3,22/05/2024,11:20:42, United States
Unbranded,Perfume,15.99,US,10,65,22/05/2024,14:08:35, United States
AS SHOWN,Eau de Parfum,49.99,US,5,43,22/05/2024,18:23:23, Hong Kong
Creed,Eau de Parfum,11.99,US,2,39,22/05/2024,11:20:42, United States
Paco Rabanne,Eau de Parfum,17.98,US,10,50,22/05/2024,13:09:58, United States
Ulric de Varens,Eau de Toilette,22,US,49,1,22/05/2024,16:53:06, United States
Dolce & Gabbana,Eau de Parfum,14.95,US,8,79,22/05/2024,03:59:19, United States
Xerjoff,Eau de Parfum,11.99,US,4,442,22/05/2024,00:57:56, United States
Nautica,Eau de Toilette,18.33,US,10,1332,22/05/2024,09:47:13, United States
Ralph Lauren,Eau de Toilette,26.5,US,3,3,22/05/2024,18:18:03, United States
Bath & Body Works,Eau de Cologne,28.95,US,1,5,22/05/2024,18:17:42, United States
Amouage,Eau de Parfum,166.18,US,10,78,22/05/2024,07:34:36, United States
Perry Ellis,Eau de Toilette,40.13,US,9,2703,22/05/2024,15:05:34, United States
Unbranded,Eau de Parfum,16.99,US,10,22,22/05/2024,18:38:27, China
PRADA,Eau de Parfum,113.98,US,10,755,22/05/2024,04:59:36, United States
Liz Claiborne,Eau de Toilette,18.32,US,10,211,22/05/2024,17:14:56, United States
Michael Jordan,Eau de Cologne,20.48,US,Limited quantity,2624,22/05/2024,21:41:09, United States
Franck Olivier,Eau de Toilette,24.25,US,10,177,22/05/2024,12:42:51, United States
Armaf,Eau de Parfum,23.62,US,130,415,22/05/2024,09:23:27, United States
Unbranded,Eau de Toilette,100,US,10,27,22/05/2024,21:55:43, United States
Paco Rabanne,Eau de Toilette,46,US,59,1207,22/05/2024,11:37:30, United States
Dior,Eau de Parfum,84.99,US,5,73,22/05/2024,09:32:15, Hong Kong
Jean Paul Gaultier,Eau de Toilette,51.99,US,10,73,22/05/2024,08:29:08, United States
Dolce&Gabbana,Eau de Toilette,29.99,US,7,51,22/05/2024,08:29:15, United States
Dior,Eau de Toilette,84.99,US,9,13,22/05/2024,05:35:53, United States
Dior,Eau de Toilette,83.95,US,4,22,22/05/2024,14:31:55, United States
Lattafa,Eau de Parfum,18.99,US,10,139,22/05/2024,12:31:45, United States
Dvyne Fragrances,Body Oil,8,US,10,1113,22/05/2024,08:22:07, United States
Giorgio Armani,Eau de Toilette,27.1,US,8,28,22/05/2024,10:22:29, United States
Giorgio Armani,Eau de Parfum,15.99,US,10,20,22/05/2024,18:17:42, United States
Abercrombie & Fitch,Eau de Cologne,44.99,US,6,38,22/05/2024,08:28:58, United States
Bath & Body Works,Eau de Cologne,35.68,US,9,12,22/05/2024,18:17:42, United States
Polo Ralph Lauren,Eau de Toilette,24.5,US,2,4,22/05/2024,18:17:42, China
AS SHOWN,Eau de Toilette,52.99,US,5,34,22/05/2024,17:39:13, Hong Kong
Hanae Mori,Eau de Toilette,15.39,US,5,1,22/05/2024,19:42:23, United States
BHARARA,Perfume,71.49,US,4,31,22/05/2024,16:32:10, United States
Paco Rabanne,Eau de Toilette,28.93,US,44,4764,22/05/2024,11:37:19, United States
MONT BLANC LEGEND,Eau de Toilette,33.5,US,Limited quantity,1511,22/05/2024,16:32:56, United States
Giorgio Beverly Hills,Eau de Toilette,16.04,US,31,2817,22/05/2024,12:50:13, United States
Lapidus,Eau de Toilette,20.25,US,10,24,22/05/2024,05:18:16, United States
Lalique,Eau de Parfum,27.25,US,3,24,22/05/2024,11:50:35, United States
Azzaro,Eau de Toilette,27.94,US,Limited quantity,1140,22/05/2024,11:04:54, United States
Ted Lapidus,Fragrances,28.65,US,3,9,22/05/2024,21:26:49, United States
Parfums de Marly,Eau de Parfum,82.99,US,3,5,22/05/2024,19:16:28, United States
Dolce&Gabbana,Eau de Parfum,124.99,US,2,13,22/05/2024,11:35:59, United States
Dolce&Gabbana,Eau de Parfum,119.99,US,6,21,22/05/2024,15:48:32, United States
Paco Rabanne,Eau de Parfum,104.99,US,5,38,22/05/2024,16:48:50, United States
Jaguar,Fragrances,13.15,US,3,7,22/05/2024,18:38:34, United States
Joop,Fragrances,23.49,US,1,29,22/05/2024,13:27:09, United States
Liz Claiborne,"Eau de Cologne Spray, Cologne Spray",33.99,US,155,6634,22/05/2024,10:02:50, United States
Zara,Eau de Parfum,37.5,US,1,30,22/05/2024,04:50:50, United States
Mercedes-Benz,Eau de Toilette,49.81,US,3,15,22/05/2024,20:56:36, United States
Unbranded,Perfume,15.99,US,10,7,22/05/2024,19:01:20, United States
Dolce&Gabbana,Eau de Toilette,99.99,US,6,17,22/05/2024,13:20:36, United States
Paco Rabanne,Parfum,82.99,US,10,2,22/05/2024,01:08:01, United States
Arabian Oud,Fragrances,99.63,US,3,13,22/05/2024,09:26:42, United States
Bentley,Fragrances,23.49,US,3,6,22/05/2024,19:20:44, United States
Michael Malul Gents Scents,Eau de Parfum,99.86,US,3,4,22/05/2024,19:01:37, United States
Armaf,Eau de Parfum,39,US,3,24,22/05/2024,10:17:56, United States
Valentino,Eau de Toilette,59.99,US,2,3,22/05/2024,17:57:33, Taiwan
Creed,Eau de Parfum,38.99,US,10,20,22/05/2024,14:03:03, United States
Lacoste,Eau De Toilette,36.68,US,10,9,22/05/2024,18:48:58, Brazil
Dolce&Gabbana,Eau de Parfum,55.45,US,3,11,22/05/2024,11:50:40, United States
UOMO,Eau de Toilette,54.99,US,1,8,22/05/2024,19:02:53, United States
Bentley,Eau de Parfum,29.13,US,3,13,22/05/2024,07:32:43, United States
Jimmy Choo,Eau de Toilette,31.95,US,3,8,22/05/2024,12:57:17, United States
Paco Rabanne,Eau de Toilette,40.99,US,10,37,22/05/2024,00:25:54, United States
Al Haramain,Fragrances,38.53,US,3,12,22/05/2024,05:56:33, United States
Aramis,Eau de Toilette,19.99,US,3,8,21/05/2024,19:02:41, United States
SECERTMU,Perfume,6.97,US,10,803,21/05/2024,19:20:13, United States
Jimmy Choo,Eau de Toilette,24.43,US,3,4,21/05/2024,20:38:20, United States
AS SHOWN,Eau de Parfum,126.99,US,1,32,21/05/2024,22:40:20, Hong Kong
J. Del Pozo,Eau de Toilette,37.98,US,10,612,21/05/2024,18:20:33, United States
2nd To None,Concentrated Uncut Pure Body Oil,6.65,US,9,18882,21/05/2024,19:14:49, United States
Maison Margiela,Eau de Toilette,84.98,US,8,42,21/05/2024,07:56:03, United States
Montblanc,Eau de Toilette,32.89,US,383,5032,21/05/2024,07:59:07, United States
Lacoste,Eau de Toilette,54.5,US,2,1995,21/05/2024,17:08:14, United States
Abercrombie & Fitch,Eau de Cologne,49.99,US,7,916,21/05/2024,09:02:01, United States
Versace,Eau de Parfum,58.09,US,Limited quantity,550,21/05/2024,14:43:09, United States
Parfums de Marly,Eau de Parfum,110,US,1,6,21/05/2024,06:39:59, United States
GIORGIO ARM.ANI,Eau De Toilette,36.68,US,9,1,21/05/2024,06:39:59, United States
SECERTMU,Perfume,15.99,US,10,889,21/05/2024,19:20:12, United States
Clinique,Eau de Toilette,21.99,US,4,86,21/05/2024,14:28:23, United States
SECERTMU,Perfume,13.99,US,10,290,21/05/2024,19:21:49, United States
Yves de Sistelle,Eau de Toilette,18.84,US,47,674,21/05/2024,07:27:08, United States
Azzaro,Eau de Toilette,18.1,US,84,210,21/05/2024,09:40:06, United States
Givenchy,Eau de Toilette,39.95,US,13,178,21/05/2024,13:41:28, United States
Afnan,Eau de Perfume,24.35,US,110,692,21/05/2024,23:18:09, United States
Paco Rabanne,Parfum Intense,99.99,US,6,50,21/05/2024,23:36:30, United States
Versace,Eau de Toilette,45.99,US,3,37,21/05/2024,07:36:26, United States
Pierre Cardin,Eau de Toilette,7.28,US,10,149,21/05/2024,19:51:46, United States
Penhaligon's,Eau de Parfum,71.99,US,5,3,21/05/2024,00:10:23, Hong Kong
Giorgio Armani,Eau de Toilette,59.99,US,10,14,21/05/2024,07:50:36, United States
Azzaro,Eau de Toilette,18.11,US,10,12,21/05/2024,03:34:53, United States
Tommy Hilfiger,Eau de Toilette,9.95,US,5,269,21/05/2024,05:43:41, United States
Afnan,Eau de Parfum,33.7,US,10,131,21/05/2024,14:00:54, United States
Burberry,Eau de Toilette,30.95,US,10,16,21/05/2024,09:06:31, United States
Carolina Herrera,Eau de Toilette,40.59,US,53,2934,21/05/2024,22:51:32, United States
Afnan,Eau de Parfum,25.86,US,13,55,21/05/2024,08:20:51, United States
Lattafa,Eau de Parfum,16.9,US,10,127,21/05/2024,08:40:15, United States
Roja Parfums,Eau de Parfum,79.99,US,7,13,21/05/2024,07:11:45, Hong Kong
As Shown,Eau de Toilette,49.63,US,10,5,21/05/2024,17:43:05, Hong Kong
HUGO BOSS,Eau de Toilette,44.93,US,26,2098,21/05/2024,22:39:15, United States
Kenneth Cole,Eau de Toilette,24.15,US,10,14,21/05/2024,13:41:28, United States
HUGO BOSS,Eau de Parfum,52.99,US,1,7,21/05/2024,13:41:28, United States
Reyane Tradition,Eau de Toilette,22.99,US,1,12,21/05/2024,16:52:49, United States
Branded,Perfume,17.99,US,13,1,21/05/2024,05:43:41, United States
As Show,Eau de Toilette,47.99,US,6,16,21/05/2024,09:39:57, Hong Kong
Lalique,Eau de Parfum,28.19,US,3,10,21/05/2024,15:32:31, United States
Narciso Rodriguez,Eau de Parfum,59.09,US,10,432,21/05/2024,20:17:38, United States
Jaguar,Eau de Toilette,15.65,US,93,2777,21/05/2024,10:00:07, United States
Ralph Lauren,Eau de Toilette,28.2,US,8,24,21/05/2024,10:01:54, United States
Jaguar,Eau de Toilette,15.4,US,224,3942,21/05/2024,20:09:06, United States
Myrurgia,Eau de Toilette,9.98,US,36,8453,21/05/2024,13:43:42, United States
Al Haramain,Eau de Perfume,30.93,US,65,998,21/05/2024,22:39:17, United States
Giorgio Armani,Eau de Parfum,19.95,US,10,6,21/05/2024,08:20:51, United States
David Beckham,Eau de Toilette,37,C,10,60,21/05/2024,07:32:36, Canada
SECERTMU,Pheromone,12.99,US,10,10,21/05/2024,19:32:52, United States
Aramis,Eau de Toilette,21.01,US,272,2486,21/05/2024,19:16:09, United States
Moschino,Eau de Parfum,34.99,US,9,3,21/05/2024,19:21:40, United States
Halston,Eau de Cologne,15.51,US,113,4443,21/05/2024,06:22:07, United States
PRADA,Eau de Toilette,84.73,US,Limited quantity,2774,21/05/2024,06:58:02, United States
Yves de Sistelle,Eau de Toilette,19.75,US,82,7253,21/05/2024,10:02:07, United States
Azzaro,Eau de Toilette,26.97,US,33,424,21/05/2024,13:31:47, Hong Kong
Carolina Herrera,Eau de Toilette,39.99,US,10,52,21/05/2024,06:41:06, United States
king of kings,Perfume,79.99,US,7,43,21/05/2024,12:02:21, United States
Unbranded,Perfume,49.99,US,10,45,21/05/2024,16:11:07, United States
Armaf,Eau de Parfum,38.97,US,10,4,21/05/2024,07:53:03, United States
Creed,Eau de Parfum,160.91,US,Limited quantity,386,21/05/2024,07:53:03, United States
Polo Ralph Lauren,Eau de Toilette,26.55,US,7,15,21/05/2024,08:45:23, United States
Roja,Fragrances,159.99,US,10,30,21/05/2024,18:00:42, Hong Kong
Giorgio Armani,Eau de Toilette,46.99,US,5,15,21/05/2024,22:16:00, United States
Dolce&Gabbana,Eau de Parfum,75,US,7,1,21/05/2024,16:52:49, United States
Dolce&Gabbana,Eau de Parfum,239.99,US,10,14,21/05/2024,12:41:57, United States
CHANEL,Eau de Parfum,129,US,3,11,21/05/2024,18:08:59, United States
Unbranded,Fragrance Rolling Ball,15.99,US,10,62,21/05/2024,19:32:25, United States
YSL,Eau de Parfum,39.99,US,3,9,21/05/2024,09:33:44, United States
Emporio Armani,Eau de Toilette,71.98,US,Limited quantity,1333,21/05/2024,15:07:29, United States
Dolce&Gabbana,Eau de Toilette,38.99,US,5,40,21/05/2024,08:49:20, United States
Jo Malone,Jo Malone Cologne Intense Spray,63.99,US,2,6,21/05/2024,18:24:52, United States
Ralph Lauren,Eau de Toilette,44.99,US,6,14,21/05/2024,23:16:01, United States
Liz Claiborne,Eau de Toilette,27.03,US,101,1337,21/05/2024,11:23:08, United States
fragance one,Eau de Parfum,179.99,US,5,5,21/05/2024,01:44:29, United States
Salvatore Ferragamo,Eau de Toilette,26.86,US,37,1047,21/05/2024,09:56:08, United States
Calvin Klein,Eau de Toilette,31.08,US,842,1362,21/05/2024,23:15:46, United States
J. Del Pozo,Eau de Toilette,27.4,US,52,397,21/05/2024,15:07:11, United States
SECERTMU,Pheromone,11.99,US,10,11,21/05/2024,19:31:59, United States
Giorgio Armani,Parfum,128.99,US,10,9,21/05/2024,16:16:24, United States
Yves Saint Laurent,Eau de Parfum,58.99,US,8,22,21/05/2024,00:24:47, United States
Ralph Lauren,Eau de Toilette,34.99,US,10,457,21/05/2024,09:49:10, United States
CURVE,Eau de Cologne,16.82,US,4,1992,21/05/2024,22:28:49, United States
Lattafa,Fragrances,33.49,US,3,4,20/05/2024,10:40:38, United States
Jean Paul Gaultier,Eau de Toilette,92,US,3,29,20/05/2024,23:59:09, United States
Ralph Lauren,Eau de Parfum,43,US,5,32,20/05/2024,10:33:43, United States
Viktor & Rolf,Eau de Toilette,17.98,US,10,66,20/05/2024,20:09:23, United States
Giorgio Armani,Eau de Parfum,24,US,3,2,20/05/2024,09:41:59, United States
FM,Editions Parfums,16.85,US,4,16,20/05/2024,06:43:11, United States
Abercrombie & Fitch,Aftershave,44,US,2,24,20/05/2024,00:27:05, United States
Rasasi,Eau de Parfum,41.95,US,1,7,20/05/2024,09:41:59, United States
Givenchy,Fragrances,48.87,US,3,8,20/05/2024,20:44:28, United States
Armaf,Eau de Perfume,36.95,US,19,120,20/05/2024,21:16:42, United States
MontBlanc,Fragrances,31.29,US,3,1,20/05/2024,16:10:31, United States
Lomani,Eau de Toilette,9.99,US,2,22,20/05/2024,13:20:54, United States
Nautica,Eau de Toilette,17.99,US,3,324,20/05/2024,10:32:37, Hong Kong
Ralph Lauren,Eau de Cologne,41.44,US,84,145,20/05/2024,23:05:25, United States
as showed,Eau de Toilette,9.61,US,1,17,20/05/2024,19:45:54, Hong Kong
AS SHOWN,Eau de Toilette,48.99,US,10,101,20/05/2024,17:37:45, Hong Kong
Giorgio Armani,Eau de Toilette,37.95,US,9,20,20/05/2024,05:50:34, United States
John Varvatos,Eau de Toilette,33.36,US,4,453,20/05/2024,20:52:08, United States
Maison Francis Kurkdjian,Eau de Toilette,140,US,24,6,20/05/2024,12:54:11, United States
HERMÈS,Eau de Toilette,64.88,US,16,292,20/05/2024,18:27:48, United States
Rasasi,Eau de Parfum,78,US,6,27,20/05/2024,13:03:25, United States
as showed,Eau de Parfum,42.39,US,10,4,20/05/2024,19:16:37,Hong Kong
Tommy Bahama,Eau de Cologne,25.99,US,6,209,20/05/2024,06:16:20, United States
Ralph Lauren,Eau de Parfum,53.99,US,2,16,20/05/2024,01:23:56, United States
Azzaro,Eau de Toilette,16.26,US,12,644,20/05/2024,07:59:19, United States
Unbranded,Fragrance Rolling Ball,10.99,US,10,38,20/05/2024,23:42:53, United States
AXE,Deodorant Body Spray,42.99,US,4,26,20/05/2024,23:42:53, United States
BRUT,Splash-on,19.97,US,4,15,20/05/2024,21:21:03, United States
Penhaligon's,Eau de Parfum,99.99,US,1,30,20/05/2024,04:16:27, United States
Afnan,Eau de Parfum,6.94,US,10,131,20/05/2024,14:10:33, United States
Mercedes-Benz,Eau de Toilette,38.99,US,33,7,20/05/2024,17:45:18, United States
Diesel,Eau de Toilette,56,US,3,677,20/05/2024,15:18:21, United States
Hermes,Fragrances,28.19,US,3,6,20/05/2024,11:56:38, United States
PRADA,Eau de Parfum,181.04,US,5,30,20/05/2024,13:09:12, United States
HERMÈS,Eau de Parfum,28.99,US,1,23,20/05/2024,18:36:38, United States
Penhaligon's,Eau de Toilette,55,US,4,1,20/05/2024,15:45:43, United States
Valentino,Eau de Parfum,18.99,US,10,8,20/05/2024,14:29:09, United States
Jean Paul Gaultier,Eau de Toilette,12.2,US,10,5,20/05/2024,14:43:18, United States
Hollister,Eau de Toilette,18.76,US,5,227,20/05/2024,20:39:02, United States
Azzaro,Eau de Toilette,18.96,US,Limited quantity,1034,20/05/2024,22:52:48, United States
Armaf,Eau de Parfum,29,US,3,57,20/05/2024,18:06:47, United States
Yves Saint Laurent,Eau de Toilette,45.98,US,7,343,20/05/2024,12:28:06, United States
Hollister,EAU DE COLOGNE SPRAY,26.75,US,7,5,19/05/2024,15:46:01, United States
Creed,Eau de Parfum,15.99,US,10,655,19/05/2024,08:37:16, United States
Giorgio Armani,Eau de Parfum,27,US,6,5,19/05/2024,15:46:01, United States
Rasasi,Eau de Parfum,25.99,US,10,3,19/05/2024,15:48:43, United States
Parfums de Marly,Eau de Parfum,124.96,US,10,151,19/05/2024,15:44:30, United States
Bharara,Eau de Parfum,51.91,US,4,47,19/05/2024,13:15:33, United States
Ralph Lauren,Eau de Toilette,31.99,US,10,103,19/05/2024,07:45:31, United States
Ralph Lauren,Eau de Toilette,41.95,US,7,37,19/05/2024,19:20:33, United States
Yves Saint Laurent,Eau de Parfum,9.89,US,10,6,19/05/2024,15:46:01, United States
Ralph Lauren,Eau de Toilette,17.34,US,10,460,19/05/2024,09:13:03, United States
Gucci,Elixir de Parfum,15.99,US,1,196,19/05/2024,16:43:20, United States
Kenneth Cole,Eau de Toilette,28.42,US,60,731,19/05/2024,19:06:00, United States
RawChemistry,cologne,30.95,US,13,4,19/05/2024,06:43:30, United States
Burberry,Eau de Toilette,59.99,US,8,39,19/05/2024,22:59:41, Hong Kong
Polo,Eau de Toilette,41.79,US,2,174,19/05/2024,12:04:26, United States
Polo Ralph Lauren,Eau de Toilette,41.99,US,2,38,19/05/2024,15:04:04, United States
Carolina Herrera,Eau de Parfum,59.99,US,10,496,19/05/2024,16:41:48, United States
Bvlgari,Eau de Toilette,64.02,US,2,10,19/05/2024,17:40:35, United States
Jaguar,Eau de Toilette,14.57,US,54,63,19/05/2024,12:27:34, United States
Paco Rabanne,Eau de Toilette,39.99,US,7,40,19/05/2024,10:33:07, United States
Unbranded,Y,49.99,US,8,68,19/05/2024,18:38:36, United States
As Show,Eau de Parfum,39.99,US,8,10,19/05/2024,18:09:04, Hong Kong
Salvatore Ferragamo,Eau de Parfum,26.99,US,3,14,19/05/2024,17:29:51, United States
Armaf,Eau de Parfum,33.99,US,22,2,19/05/2024,18:24:26, United States
Jean Paul Gaultier,Eau de Toillette,92,US,3,37,19/05/2024,11:37:40, United States
Paco Rabanne,Eau de Parfum,64.99,US,10,118,19/05/2024,22:33:32, United States
L’OCCITANE,Eau de Toilette,59,US,5,4,19/05/2024,09:48:36, United States
Unbranded,Perfume,13.28,US,9,6,19/05/2024,11:37:40, United States
Dossier,Eau de Parfum,15,US,10,12,19/05/2024,23:29:58, United States
Salvatore Ferragamo,Eau de Toilette,32.89,US,3,5,19/05/2024,09:08:53, United States
Avon,Eau de Toilette,19.99,US,10,26,19/05/2024,22:56:04, Poland
Bvlgari,Eau de Toilette,16.48,US,10,24,19/05/2024,18:22:54, United States
Abercrombie & Fitch,Eau de Cologne,44.99,US,2,129,19/05/2024,15:03:20, United States
Rasasi,Eau de Parfum,49.5,US,10,2,19/05/2024,17:29:51, United States
Giorgio Armani,Eau de Parfum,69.99,US,2,81,18/05/2024,05:26:34, United States
Giorgio Armani,Eau de Toilette,51.99,US,8,111,18/05/2024,03:34:53, United States
united scents,Eau de Parfum,14.99,US,10,20,18/05/2024,15:52:35, United States
Ralph Lauren,Eau de Toilette,44.49,US,5,4,18/05/2024,08:26:37, United States
Giorgio Armani,Eau de Toilette,29.99,US,10,12,18/05/2024,09:30:42, United States
Creed,Eau de Parfum,13,US,3,17,18/05/2024,21:26:21, United States
Ralph Lauren,Eau de Toilette,34.99,US,5,31,18/05/2024,08:45:33, United States
Maison Alhambra,Eau de Parfum,26.5,US,1,3,18/05/2024,08:01:01, United States
SECERTMU,Perfume,6.96,US,10,102,18/05/2024,16:15:46, United States
SECERTMU,Perfume,11.99,US,10,51,18/05/2024,15:24:03, United States
Lacoste,Eau de Toilette,47.34,US,4,14,18/05/2024,14:48:44, United States
Lattafa,Eau de Parfum,26.99,US,9,75,18/05/2024,16:44:20, United States
SECERTMU,Perfume,10.99,US,10,35,18/05/2024,14:48:44, United States
Paco Rabanne,Eau de Toilette,77.15,US,8,293,18/05/2024,21:20:11, United States
Davidoff,Eau de Toilette,26.9,US,10,264,18/05/2024,10:55:29, United States
Paco Rabanne,Eau de Toilette,49.99,US,5,21,18/05/2024,08:34:44, United States
GUERLAIN PARIS,Eau de Cologne,100,US,3,1,18/05/2024,02:04:20, United States
Cologne,Eau de Toilette,10.99,US,10,1044,18/05/2024,14:38:27, United States
Diesel,Eau de Toilette,17,US,6,147,18/05/2024,20:56:17, United States
Jean Paul Gaultier,Eau de Parfum,12.95,US,10,594,18/05/2024,19:20:42, United States
Tommy Bahama,Eau de Cologne,31.95,US,2,10,18/05/2024,19:41:43, United States
Cologne,Eau de Parfum,10.99,US,10,179,18/05/2024,14:39:08, United States
Phillips-Van Heusen,Eau de Toilette,21.25,US,10,504,17/05/2024,09:32:46, United States
Armaf,Eau de Parfum,43.45,US,10,955,17/05/2024,11:40:16, United States
Paco Rabanne,Eau de Toilette,39.99,US,10,118,17/05/2024,10:37:39, United States
Ralph Lauren,Eau de Parfum,89.25,US,10,39,17/05/2024,09:28:09, United States
Dossier,Eau de Toilette,18.99,US,10,14,17/05/2024,11:37:40, United States
Maison Francis Kurkdjian,Does not apply,159.99,US,4,2,17/05/2024,11:43:56, United States
Diesel,Eau de Toilette,26.99,US,8,21,17/05/2024,11:34:20, United States
AS PHOTOS,Eau De Toilette,34.68,US,8,2,17/05/2024,11:19:13, United States
Azzaro,Eau de Parfum,9.99,US,10,19,17/05/2024,14:13:59, United States
Rasasi,Eau de Parfum,45,US,8,37,17/05/2024,09:22:33, United States
Kenneth Cole Reaction,Eau de Toilette,22.99,US,10,31,17/05/2024,11:38:55, United States
Gucci,Eau de Parfum,68.99,US,8,248,17/05/2024,12:14:48, United States
Carolina Herrera,Eau de Toilette,153,US,10,23,17/05/2024,09:38:12, United States
Armaf,Eau de Parfum,65,US,10,485,17/05/2024,11:37:19, United States
Guy Laroche,Eau de Toilette,27.59,US,323,4972,17/05/2024,15:16:24, United States
Avon,Eau de Toilette,34.99,US,10,577,17/05/2024,12:17:44, United States
Armaf,Eau de Parfum,29.99,US,3,7,17/05/2024,11:19:13, United States
Dossier,Eau de Parfum,22.99,US,10,52,17/05/2024,11:39:08, United States
Giorgio Armani,Eau de Toilette,27.9,US,5,157,17/05/2024,20:51:19, United States
Armaf,PARFUM,56.95,US,10,700,17/05/2024,11:39:38, United States
Armaf,Eau de Toilette,28.95,US,10,1306,17/05/2024,11:38:12, United States
Blue Perfumes,Eau de Toilette,16.99,US,1,3,17/05/2024,19:44:33, United States
Rasasi,Eau de Parfum,38,US,8,12,17/05/2024,18:15:39, India
Armaf,Eau de Toilette,32.85,US,10,8385,17/05/2024,15:41:45, United States
Clinique,Eau de Parfum,17.98,US,10,40,16/05/2024,12:30:32, United States
Bond No. 9,Eau de Parfum,17.98,US,10,9,16/05/2024,12:30:59, United States
Bond No. 9,Eau de Parfum,17.98,US,10,12,16/05/2024,12:30:51, United States
Lattafa,Eau de Parfum,23.89,US,9,14,16/05/2024,14:46:48, United States
Parfums de Marly,Eau de Parfum,13.95,US,7,41,16/05/2024,02:46:25, United States
Armaf,Eau de Perfume,36.95,US,36,109,16/05/2024,09:13:23, United States
Valentino,Eau de Toilette,78.99,US,10,27,16/05/2024,02:06:00, Taiwan
GIVENCHY,Eau de Parfum,72.99,US,8,180,16/05/2024,14:16:01, United States
Burberry,Eau de Toilette,32.99,US,2,3,16/05/2024,12:44:08, United States
Diesel,Eau de Toilette,29.74,US,19,578,16/05/2024,21:09:42, United States
Bharara,Eau de Parfum,54.85,US,9,8,16/05/2024,09:13:11, United States
Xerjoff,Eau de Parfum,11,US,3,47,16/05/2024,15:22:05, United States
Paco Rabanne,Eau de Toilette,16.48,US,10,16,16/05/2024,16:30:41, United States
Christian Dior,Eau de Parfum,159.99,US,10,160,16/05/2024,05:23:22, United States
Emanuelle Ungaro,Eau de Perfume,31.89,US,15,226,16/05/2024,05:09:58, United States
Valentino,Eau de Toilette,89.99,US,6,23,16/05/2024,19:15:06, United States
Valentino,Eau de Toilette,79.99,US,10,316,16/05/2024,17:01:39, China
Giorgio Armani,Parfum,123.99,US,19,5,16/05/2024,17:44:35, United States
Boucheron,Eau de Parfum,35.58,US,Limited quantity,1024,16/05/2024,08:36:58, United States
Giorgio Armani,Eau de Parfum,138.99,US,4,6,16/05/2024,02:12:52, Hong Kong
Maison Alhambra,Eau de Parfum,30.99,US,9,39,16/05/2024,13:42:49, United States
Mercedes-Benz,Eau de Toilette,47.99,US,10,17,16/05/2024,21:53:55, United States
Armaf,Eau de Parfum,41,US,8,397,16/05/2024,08:19:57, India
Bath & Body Works,Body Spray,10.91,US,1,654,16/05/2024,00:14:43, United States
Baron,Eau de Cologne,28.38,US,4,1433,16/05/2024,20:45:13, United States
Carolina Herrera,Eau de Toilette,66.52,US,10,1963,15/05/2024,10:37:08, United States
Michael Malul,Eau de Parfum,79.99,US,6,18,15/05/2024,13:47:53, China
Guerlain,Eau de Cologne,96.95,US,2,6,15/05/2024,23:13:02, United States
Calvin Klein,Eau de Toilette,24.95,US,6,8,15/05/2024,07:37:26, United States
Coach,Eau de Toilette,29.99,US,10,286,15/05/2024,11:50:00, United States
Louis Vuitton,Eau de Parfum,18.95,US,10,624,15/05/2024,17:19:08, United States
ISSEY MIYAKE,Eau de Toilette,26.95,US,4,5,15/05/2024,07:37:26, United States
Lacoste,Eau de Toilette,31.95,US,10,12,15/05/2024,07:37:26, United States
Bvlgari,Eau de Toilette,45.69,US,8,31,15/05/2024,03:14:10, HongKong
Tom Ford,Parfum,13.05,US,3,9,15/05/2024,19:24:33, United States
Clive Christian,Eau de Parfum,13,US,3,14,15/05/2024,22:29:13, United States
Paco Rabanne,Eau de Toilette,17.98,US,10,4,15/05/2024,17:31:27, United States
PRADA,Eau de Toilette,79.99,US,5,1,15/05/2024,07:37:26, United States
Armaf,Eau de Parfum,45,US,10,150,15/05/2024,15:14:22, United States
YSL,Eau de Parfum,44.99,US,10,13,15/05/2024,17:42:12, Hong Kong
Rasasi,Eau de Parfum,16.97,US,10,16,15/05/2024,18:42:00, United States
LLURE SX,Cologne,38.95,US,3,114,15/05/2024,11:26:06, United States
KING OF KINGS,Perfume,79.99,US,9,15,15/05/2024,12:51:02, United States
Davidoff,Body Spray,12.49,US,7,17,15/05/2024,11:28:53, United States
Armaf,Eau de Toilette,21.15,US,95,739,15/05/2024,19:05:45, United States
Limited Edition,Parfum,65.5,US,10,21,15/05/2024,15:52:46, United States
Vince Camuto,Eau de Toilette,21.21,US,8,300,14/05/2024,16:12:02, United States
Dolce&Gabbana,Eau de Toilette,56.99,US,68,993,14/05/2024,15:34:41, United States
Yves Saint Laurent,Perfume,94.99,US,10,581,14/05/2024,07:23:28, United States
El Ganso,Eau de Toilette,56,US,3,6,14/05/2024,03:39:09, United States
Nina Ricci,Eau de Toilette,120,US,3,7,14/05/2024,13:13:29, United States
Lalique,Eau de Parfum,25.74,US,5,7,14/05/2024,11:28:23, United States
Abercrombie & Fitch,Eau de Cologne,24.99,US,10,18,14/05/2024,13:19:07, United States
Giorgio Armani,Eau de Parfum,79.99,US,5,47,14/05/2024,08:33:40, United States
J. Del Pozo,Eau de Toilette,30.99,US,10,866,13/05/2024,10:02:02, United States
Salvatore Ferragamo,Eau de Parfum,69.95,US,5,120,13/05/2024,17:50:50, United States
VICTOR MANUELLE,Eau de Parfum,39.99,US,3,153,13/05/2024,19:05:56, United States
Christian Dior,Parfum,161.99,US,10,129,13/05/2024,10:40:48, Israel
Salvatore Ferragamo,Eau de Toilette,23,US,6,9,13/05/2024,09:37:01, United States
Ralph Lauren,Eau de Toilette,31.99,US,6,15,13/05/2024,09:33:41, United States
Jovan,Eau de Cologne,10.19,US,44,330,13/05/2024,09:31:59, United States
Paco Rabanne,Eau de Toilette,135,US,8,4,13/05/2024,17:50:50, United States
Paris Hilton,Eau de Toilette,25.49,US,16,2093,13/05/2024,19:01:09, United States
Zara,Eau de Parfum,48.97,US,4,30,13/05/2024,02:58:59, Portugal
Carolina Herrera,Eau de Toilette,32.13,US,47,85,13/05/2024,13:58:55, United States
Paco Rabanne,Eau de Toilette,39.99,US,5,23,13/05/2024,11:37:20, United States
Guerlain,Eau de Cologne,12,US,7,22,13/05/2024,05:49:38, United States
Cologne,Eau de Cologne,35,US,2,8,12/05/2024,20:22:40, United States
Classic Brands,Eau de Cologne,17.89,US,10,2256,12/05/2024,18:06:36, United States
Michael Malul London,Eau de Parfum,89.99,US,4,8,12/05/2024,20:22:40, United States
Ralph Lauren,Eau de Toilette,22.99,US,6,14,12/05/2024,17:06:25, United States
Armaf,Eau de Parfum,28.8,US,10,712,12/05/2024,16:15:40, United States
Giorgio Armani,Parfum,25.95,US,10,280,12/05/2024,17:11:04, United States
Dolce & Gabbana,"Eau De Toilette, Eau De Parfum, Eau De Parfum Intense",16,US,10,41,12/05/2024,17:06:25, United States
as showed,Eau de Toilette,43.47,US,10,34,12/05/2024,17:40:33, Hong Kong
Hollister,Eau de Cologne,46.75,US,7,3,12/05/2024,09:22:09, United States
Dolce&Gabbana,Eau de Toilette,34.99,US,4,48,12/05/2024,09:22:09, Hong Kong
Cartier,Eau de Toilette,49.52,US,10,20,11/05/2024,20:45:30, United States
As Show,Eau de Parfum,69.99,US,10,49,11/05/2024,04:30:04, Hong Kong
Moschino,Eau de Parfum,35.99,US,4,3,11/05/2024,03:51:13, United States
Jacques Bogart,Eau de Toilette,13.97,US,31,957,11/05/2024,23:42:49, United States
Michael Malul London,Eau de Parfum,90.11,US,10,51,11/05/2024,09:30:33, United States
Giorgio Armani,Eau de Toilette,29.99,US,10,61,11/05/2024,02:03:08, United States
Yves Saint Laurent,Eau de Parfum,15.99,US,6,91,11/05/2024,09:37:04, United States
Cologne,Eau de Toilette,14.99,US,7,72,11/05/2024,07:37:49, United States
Heaven Scents,Perfume,139.99,US,4,46,11/05/2024,15:09:30, United States
Ralph Lauren,Eau de Cologne,29.99,US,10,60,10/05/2024,07:19:49, United States
Topshelf,Perfume,139.99,US,10,4,10/05/2024,21:53:08, United States
Carolina Herrera,Eau de Toilette,39.99,US,10,19,10/05/2024,10:59:33, United States
Lacoste,Eau de Toilette,32.5,US,40,634,10/05/2024,10:21:09, United States
John Varvatos,Eau de Parfum,79.99,US,10,17,10/05/2024,17:42:19, United States
Liz Claiborne,"Eau de Toilette, Cologne Spray",17.02,US,73,3823,09/05/2024,16:02:55, United States
Ralph Lauren,Eau de Parfum,12.99,US,5,5,09/05/2024,04:53:41, United States
Calvin Klein,Eau de Parfum,21.27,US,10,30,09/05/2024,20:48:12, United States
Zara,Eau de Toilette,15,US,2,3,09/05/2024,21:13:54, United States
Assorted,Assorted,17.95,US,1,4,09/05/2024,17:17:45, United States
EBC,Eau de Cologne,13.5,US,10,17,09/05/2024,17:47:19, United States
Unbranded,Eau de Toilette,25.89,US,10,4,09/05/2024,22:38:22, United States
HUGO BOSS,Eau de Toilette,47.26,US,88,52,09/05/2024,11:34:50, United States
Hybrid & Company,Perfume,24.19,US,15,73,09/05/2024,08:15:16, United States
Burberry,Eau de Toilette,28.99,US,10,7,08/05/2024,15:45:56, United States
Issey Miyake,Eau de Toilette,44.61,US,54,27,08/05/2024,07:49:55, United States
Creed,Oil,9.96,US,10,266,08/05/2024,18:36:48, United States
PRADA,Eau de Toilette,68.55,US,10,65,08/05/2024,08:02:39, United States
Bvlgari,Eau de Parfum,64.99,US,10,15,08/05/2024,09:23:26, United States
Azzaro,Eau de Parfum,87.99,US,2,4,08/05/2024,01:44:16, United States
Mary Kay,Eau de Cologne,30,US,2,24,08/05/2024,08:37:11, United States
Unbranded,Perfume,48,US,10,7,08/05/2024,11:11:06, United States
AXE,Body Spray,11.99,US,5,15,08/05/2024,15:39:55, United States
As shown,Eau de Toilette,40.99,US,10,17,08/05/2024,01:44:16, Hong Kong
Givenchy,Eau de Parfum,73.52,US,4,8,08/05/2024,06:01:12, United States
Paco Rabanne,Eau de toilette,39.99,US,3,3,08/05/2024,14:29:55, United States
Givenchy,EDT,44.99,US,10,32,08/05/2024,10:32:03, United States
Paco Rabanne,Parfum Intense,11.95,US,10,18,08/05/2024,03:13:17, United States
Ralph Lauren,Eau de Toilette,44.99,US,10,27,08/05/2024,10:18:58, United States
ysl,Eau de Toilette,38,US,10,42,08/05/2024,03:42:07, Hong Kong
Giorgio Armani,Eau de Toilette,64.99,US,10,235,08/05/2024,11:11:06, Portugal
Kenneth Cole,edt,24.5,US,10,415,07/05/2024,07:48:23, United States
Coty,Cologne,16.9,US,4,34,07/05/2024,11:07:48, United States
Tom Ford,Fragrance Oil,29.99,US,10,0,06/05/2024,12:23:40, United States
Kenneth Cole,Eau de Toilette,18.66,US,26,58,06/05/2024,23:28:14, United States
Mirage Brands,Eau de Toilette,13.68,US,10,105,06/05/2024,16:50:06, United States
Reyane Tradition,Eau de Toilette,25.96,US,Limited quantity,214,06/05/2024,21:18:47, United States
MetaHerbal Labs,Unscented,39.95,US,10,353,06/05/2024,19:01:20, China
Yves Saint Laurent,Eau de Parfum,129,US,7,13,06/05/2024,12:23:40, United States
Dior,Eau de Toilette,84.99,US,10,51,06/05/2024,04:40:12, United States
Penhaligon's,Eau de Parfum,188.99,US,4,1,05/05/2024,19:10:00, Canada
Calvin Klein,Eau de Toilette,28.99,US,10,124,05/05/2024,01:21:25, United States
Dossier,Eau de Parfum,20,US,10,16,05/05/2024,23:17:39, United States
Roja Dove,Eau de Parfum,129.99,US,6,25,05/05/2024,18:27:16, United States
Falic Fashion Group,Eau de Toilette,29.98,US,7,14,05/05/2024,09:23:49, Canada
Unbranded,Eau de Toilette,39.99,US,5,18,05/05/2024,23:09:40, Hong Kong
Dossier,Eau de Parfum,29,US,1,19,05/05/2024,23:18:46, United States
Guy Laroche,Eau de Toilette,19.99,US,3,58,04/05/2024,06:13:01, United States
Roberto Cavalli,Eau de Toilette,42.95,US,10,8,04/05/2024,05:03:56, United States
Roja,Eau de Parfum,109.99,US,8,26,04/05/2024,05:57:21, United States
Estée Lauder,Eau de Cologne,19.99,US,3,10,03/05/2024,17:56:21, United States
GIVENCHY,Eau de Parfum,70,US,1,2,03/05/2024,11:43:56, United States
Bharara,Eau de Parfum,78.99,US,10,142,03/05/2024,14:45:35, United States
Myrurgia,Eau de Toilette,9.21,US,202,3093,02/05/2024,01:30:50, United States
Cologne,Eau de Cologne,41.99,US,10,15,02/05/2024,21:01:55, United States
Dolce&Gabbana,Eau de Parfum,91,US,3,1,02/05/2024,19:37:12, United States
Hugo Boss,Eau de Perfume,65.37,US,16,87,02/05/2024,01:30:37, United States
Rochas,Eau de Toilette,24.55,US,23,433,02/05/2024,01:30:34, United States
Cologne,Eau de Toilette,19.9,US,10,294,02/05/2024,13:48:09, United States
Paco Rabanne,Eau de Toilette,18.99,US,10,38,01/05/2024,11:40:14, United States
Polo Ralph Lauren,Parfum,103.2,US,9,5,01/05/2024,15:10:55, United States
Moschino,Eau de Parfum,39.95,US,10,5,01/05/2024,09:56:57, United States
Tiffany,Eau de Toilette,49.99,US,3,19,01/05/2024,23:21:12, Hong Kong
Maison Martin Margiela,Eau de Toilette,39.99,US,1,11,30/04/2024,20:11:27, Hong Kong
Jil Sander,Eau de Toilette,27.84,US,Limited quantity,85,30/04/2024,06:45:20, United States
Dior,Eau de Toilette,67.99,US,5,28,30/04/2024,19:09:09, United States
Have A Scent,Roll On,9.99,US,10,94,30/04/2024,11:41:49, United States
Al Wataniah,Eau de Parfum,35,US,10,36,30/04/2024,08:56:26, United States
Yves Saint Laurent,Eau de Toilette,75.99,US,10,19,29/04/2024,19:07:25, United States
Viktor & Rolf,Eau de Parfum,74.85,US,1,2,29/04/2024,19:07:25, United States
CHANEL,Eau de Toilette,89.97,US,1,0,29/04/2024,19:07:25, United States
Unbranded,Perfume,16.99,US,10,404,29/04/2024,18:02:01, United States
Carolina Herrera,Eau de Toilette,65.99,US,10,17,29/04/2024,18:20:43, United States
YSL,Eau de Parfum,49.99,US,10,12,29/04/2024,17:51:10,USA
Unbranded,Eau de Parfum,13.99,US,10,8,28/04/2024,20:19:23, United States
Unbranded,Eau de Parfum,13.99,US,10,9,28/04/2024,20:19:23, United States
MACARENA,Eau de Parfum,19.99,US,10,122,28/04/2024,09:27:00, United States
Ralph Lauren,Eau de Toilette,29.99,US,10,8,26/04/2024,20:26:52, United States
adidas,Eau de Toilette,11.58,US,10,17,26/04/2024,10:06:31, United States
Bath & Body Works,Cologne,29.97,US,4,0,26/04/2024,20:26:52, United States
Ed Hardy,Eau de Toilette,40.95,US,3,14,26/04/2024,08:32:12, United States
PRADA,Eau de Toilette,76.5,US,2,8,26/04/2024,10:06:31, United States
Armaf,Eau de Parfum,85,US,10,10,24/04/2024,15:40:00, United States
Lalique,Eau de Parfum,31.47,US,48,397,24/04/2024,22:58:09, United States
As Picture Show,Eau de Parfum,69.99,US,56,44,23/04/2024,20:25:43, United States
Paco Rabanne,Eau de Parfum,140,US,1,2,23/04/2024,19:35:29, United States
Giorgio Armani,Eau de Toilette,51.99,US,9,28,23/04/2024,04:55:18, United States
Lapidus,Eau de Toilette,20.08,US,29,518,23/04/2024,03:57:22, United States
Calvin Klein,Eau de Toilette,21.95,US,3,189,23/04/2024,19:35:29, United States
Polo Ralph Lauren,Eau de Parfum,8.99,US,4,8,22/04/2024,05:34:36, United States
Dolce&Gabbana,Eau de Parfum Intense,77.99,US,33,9,21/04/2024,23:06:38, United States
AS SHOWN,Eau de Parfum,69.99,US,4,11,21/04/2024,19:30:34, Hong Kong
Louis Vuitton,Eau de Parfum,22.95,US,9,647,21/04/2024,21:21:42, United States
Unbranded,Car Air Freshener,7.19,US,10,131,17/04/2024,23:41:54, United States
By Al Hambra,Eau de Parfum,21.8,US,10,7,16/04/2024,13:49:22, United States
HERMÈS,EDT,52.99,US,10,117,15/04/2024,10:18:57, United States
Guerlain,Eau de Toilette,94.99,US,3,24,14/04/2024,16:22:25, United States
Dossier,Eau de Parfum,20,US,10,16,12/04/2024,21:26:05, United States
Bath & Body Works,Cologne,59.97,US,10,35,12/04/2024,14:07:41, United States
Parfums de Marly,Eau de Parfum,19.99,US,4,6,12/04/2024,11:01:52, United States
Fragrance Couture,Eau de Toilette,14.98,US,1,206,12/04/2024,15:57:06, United States
Abercrombie & Fitch,Eau de Cologne,49.99,US,10,381,12/04/2024,11:01:52, United States
By Al Hambra,Eau de Parfum,25.7,US,10,72,12/04/2024,07:43:55, United States
Polo Ralph Lauren,Eau de Parfum,37.59,US,10,78,12/04/2024,09:33:58, United States
PRADA,Eau de Toilette,8.88,US,10,21,12/04/2024,08:49:37, United States
Ralph Lauren,Eau de Toilette,25,US,5,8,11/04/2024,04:33:41, United States
Cologne,Eau de Parfum,24.99,US,1,2,11/04/2024,04:33:41, United States
FC,Perfume,14.7,US,10,119,09/04/2024,05:59:11, United States
Dolce&Gabbana,Eau de Toilette,27.99,US,7,24,08/04/2024,05:02:35, United States
Diesel,Eau de Toilette,16.99,US,10,28,08/04/2024,05:02:35, United States
Dolce & Gabbana,Eau De Parfum Intense,7.5,US,10,115,05/04/2024,00:53:07, United States
Dolce & Gabbana,Eau de Parfum,11,US,10,702,05/04/2024,00:52:00, United States
HUGO BOSS,Eau de Toilette,17.95,US,10,75,02/04/2024,11:24:36, United States
Mancera,Eau de Parfum,13.5,US,10,17,01/04/2024,21:47:48, United States
Giorgio Armani,Eau de Toilette,54.99,US,10,384,27/03/2024,09:01:18, United States
Guy Laroche,Deodorant,15.95,US,10,257,24/03/2024,07:42:00, United States
Al Rehab,Perfume,8.99,US,7,76,22/03/2024,06:23:29, United States
HINODE,Eau de Parfum,99,US,8,177,20/03/2024,18:01:39, Brazil
Ralph Lauren,Eau de Toilette,28.99,US,10,180,18/03/2024,09:08:20, United States
Allsaints,Eau de Parfum,47.99,US,10,13,16/03/2024,18:36:03, United States
Hollister,Eau de Cologne,28.97,US,9,12,16/03/2024,18:36:03, United States
Milestone Perfumes,Eau de Parfum,34.99,US,8,4,16/03/2024,18:36:03, United States
Ralph Lauren,Eau de Toilette,49.99,US,10,243,12/03/2024,08:24:51, United States
HERMÈS,Eau de Toilette,99.99,US,10,65,12/03/2024,09:30:20, United States
Unbranded,Eau de Parfum,25.99,US,10,38,09/03/2024,18:25:15, United States
Bvlgari,Eau de Parfum,29.99,US,10,25,06/03/2024,12:02:36, United States
Karl Lagerfeld,Eau de Toilette,16.91,US,6,825,04/03/2024,18:12:48, United States
Versace,Eau de Toilette,37.99,US,10,26,01/03/2024,11:28:05, United States
Estee Lauder,Cologne spray,17.49,US,10,24,28/02/2024,07:27:01, United States
Paco Rabanne,Eau de Parfum,69.99,US,10,13,28/02/2024,07:26:54, United States
Bvlgari,Eau de Parfum,250,US,1,0,28/02/2024,07:26:54, United States
Creed,Eau de Parfum,15.95,US,6,30,26/02/2024,12:33:18, United States
SECERTMU,Perfume,7.96,US,10,38,22/02/2024,02:08:53, United States
Claude Marsal,Perfume,180,US,1,9,21/02/2024,16:08:12, United States
Dana,Eau de Cologne,14.99,US,10,647,16/02/2024,20:33:33, United States
HERMÈS,EDT,39.99,US,10,40,08/02/2024,10:42:37, United States
Chanel,Eau de Toilette,22,US,10,286,10/01/2024,14:19:12, United States
Avon,Eau de Cologne,51.49,US,10,37,08/01/2024,17:39:02, United States
Cologne,Perfume,19.9,US,1,331,21/11/2023,08:32:55, United States
Parfums de Marly,Parfum,12,US,10,19,21/11/2023,08:32:55, United States
The Baron,Eau de Cologne,34.99,US,3,1,12/11/2023,12:18:20, United States
Yves Saint Laurent,Eau de Toilette,16.95,US,10,69,15/09/2023,06:32:59, United States
Mandarin Duck,Eau de Toilette,27.99,US,10,75,02/11/2022,03:03:01, United States
Dolce&Gabbana,Eau de Toilette,54.99,US,2,45,20/10/2022,18:26:14, United States
